,SiO2,TiO2,Al2O3,Fe2O3,FeO,MgO,CaO,Na2O,T_pyMelt,T_MELTS,F_MELTS,F_pyMelt,P,Augite,Garnet,Liquid,Olivine,X,Orthopyroxene,Spinel,Plagioclase,Pigeonite
0,39.9136800978584,3.77337343784342,0.0496625295293479,0.0142721987044218,22.5571703398395,11.7090525785305,0.330530474907744,21.6522583427867,1697.403941915425,1359.6999999999966,-9.97452953037341e-16,0.0010108136025366295,6414.0,45.4462054138701,30.8444188552475,0.102708850344914,23.3366668805376,0.0010298691501545562,,,,
1,39.8368641120485,3.75431989337957,0.0511324714392795,0.0156705034016607,22.7721713077419,11.9513626700365,0.35326372954213,21.2652153124104,1696.864801268386,1364.0999999999926,5.699731160213377e-16,0.002862425660336124,6393.0,44.9213134863328,31.0921654158718,0.289648016643368,22.9734827466004,0.0029043218353892323,0.453390334551584,,,
2,39.7322838334529,3.73628524215746,0.0524818472290436,0.0175333275959418,23.0570232642525,12.268200587935,0.382295925712491,20.7538959716646,1696.3195151571747,1369.6999999999957,-1.4249327900533443e-16,0.0051384221359650145,6371.0,44.4144861552914,31.373000362718,0.512507421304567,22.552274450915,0.005138949376361846,0.877731609771044,,,
3,39.6103400013155,3.71650855075672,0.0537078367142311,0.0199510824587368,23.3821534043837,12.6413342587802,0.417509239658791,20.1584956259321,1695.7696265217512,1376.099999999999,0.00010027073097325262,0.007734562762526853,6350.0,43.8403050697752,31.6877170027106,0.776457959743516,22.0940442422904,0.007786381465538664,1.32147572548034,,,
4,39.4646074706472,3.7011582838894,0.0547577515468417,0.023024164910424,23.7661605730115,13.0521306899479,0.458636570576154,19.4795244954706,1695.2159509368119,1382.9999999999918,0.002907851198235298,0.010595676819319213,6329.0,43.2313202989202,32.0176990094318,0.765478696211067,21.5744773029326,0.007697895175091181,1.85102469250432,,,
5,39.3222019207206,3.68266730845229,0.0559346160223024,0.0266925210199182,24.1331476811425,13.4868301472321,0.504378965018433,18.7881468403918,1694.6590083947663,1390.0999999999945,0.005615160934521525,0.013686581130005569,6307.0,42.6284152644242,32.3406670349772,0.804309348497819,21.0609374910261,0.008110409887040614,2.33567086107484,,,
6,39.0369063552599,3.65590074224856,0.0562140757037532,0.0352849721442351,24.8424196420335,14.3360623177988,0.597133652993874,17.4400782418174,1694.0991647608653,1403.2999999999997,0.008623282863730788,0.01698251922571607,6286.0,41.4737843290831,32.9280141128113,1.06305425332147,20.1034576694754,0.010752040591903192,3.30168963530886,,,
7,38.8281941601187,3.64421058777592,0.0568893615843958,0.0436874065004916,25.3325857880444,14.9869129837167,0.675926081822264,16.431593630437,1693.5366939451378,1413.1,0.014238443798254879,0.020464956437359797,6264.0,40.6822026866625,33.3271038462638,0.91773261721594,19.4204264109628,0.009335089179289387,3.96253443889499,,,
8,38.6558996339859,3.61117643319834,0.0576258070304537,0.0531645202214762,25.7440984893283,15.600056740282,0.755555979739403,15.5224223962142,1692.9718100362038,1422.1,0.018550085230122554,0.024119406081999986,6243.0,39.9728884432851,33.6774906754579,0.894186295249039,18.8235658255851,0.009135536322527995,4.51186876042274,,,
9,38.4582870758713,3.62408077877902,0.0582280131289498,0.0654404697419047,26.1472474119529,16.2370518567737,0.844431612576437,14.5652327811758,1692.4046857650144,1431.1999999999998,0.022460643738093655,0.02793418027534262,6221.0,39.271649574114,34.0101753930392,0.92803241459128,18.2128824122056,0.009519257509398716,5.06726020604984,,,
10,38.4953798782562,3.60871319545315,0.0604602509659994,0.0651845530534468,26.0626127243696,16.2171594251542,0.84671227204696,14.6437777007005,1691.8354639453435,1431.0999999999908,0.026872555900932016,0.03189961585660878,6200.0,39.3747538997191,33.9799153055977,0.49122949122671,18.2590677426717,0.005061612480440079,4.94503356078484,,,
11,38.3269031834488,3.60380272884406,0.0610994723247479,0.0787778275762022,26.4103754906161,16.8066491734152,0.935454692216127,13.7769374315589,1691.2642649767645,1439.3999999999915,0.02687255590093173,0.036007566702495164,6179.0,38.7104052749029,34.2746986804636,0.890446094077376,17.6691386478619,0.009175127192966256,5.50531130269431,,,
12,38.1296591495576,3.63037014714215,0.0615230307347475,0.0973843402951681,26.7718759571693,17.4503242195607,1.03930614164595,12.8195570138944,1690.6911919888178,1448.2999999999925,0.03098365587085119,0.04025105563283691,6157.0,38.0320012780541,34.5734585458676,0.897311390705599,17.0440397425593,0.009285093032963564,6.09318904281341,,,
13,38.0023923628913,3.59295694593761,0.0623214320569328,0.1167607517636,27.0267082099533,18.0270304569446,1.13801004637726,12.0338197940755,1690.1163344963552,1456.1999999999935,0.035094755840770646,0.044624027050843125,6136.0,37.439080309372,34.8343301458512,0.920453310730944,16.501528226941,0.009565138841639245,6.5346080071048,,,
14,37.8840512508281,3.55896722469968,0.0632450851152139,0.139600528568341,27.2420534979615,18.5940763412588,1.24147243509566,11.2765336364728,1689.5397710745738,1463.8999999999955,0.039506668003609434,0.04912116591396152,6114.0,36.8669155235625,35.0775481704776,0.924833115083334,15.9523341656376,0.009654798153077918,6.96836902523902,,,
15,37.76594130366,3.52963131330895,0.0640028851920125,0.167435963291223,27.4404593090161,19.1570238468675,1.3505669793572,10.524938399307,1688.9615713655658,1471.4999999999968,0.04401885089742262,0.05373776193755892,6093.0,36.2155450116985,35.3189400404306,0.929498872416878,15.3767593178456,0.009749306402526511,7.49925675760848,,,
16,37.6433040336682,3.50330406637047,0.064709223158886,0.202055984691795,27.6353504006422,19.7257179473165,1.46921279451974,9.75634554963217,1688.3817976153837,1479.199999999998,0.04863130452221062,0.05846960556710254,6071.0,35.5443937105826,35.5584575484727,0.93945230234753,14.7594248074466,0.00990147873469151,8.0782716311505,,,
17,37.5287950571593,3.48102938133187,0.0653621644255463,0.243291381872861,27.7849181154308,20.2893297743079,1.59328731528892,9.01398681018286,1687.8005058729686,1486.799999999991,0.05344429960894427,0.06331290683157324,6050.0,34.8807937950929,35.7862023571494,0.933388949306946,14.16553712362,0.009887594801980362,8.63407777483076,,,
18,37.4573756159472,3.43890398070725,0.0664931640741649,0.285080153842223,27.8408335781584,20.7968630651944,1.70959855261599,8.40485188946036,1687.2177469401797,1493.599999999993,0.05805675323373099,0.06826423103992793,6029.0,34.2840128421677,35.9778177384139,0.963762319976184,13.5906959370622,0.010259339152397103,9.12371116238002,,,
19,37.3967099720267,3.40027945501052,0.0678698786601321,0.331512536005772,27.8546267119729,21.2813803954194,1.82665947461601,7.84096157628864,1686.6335671350926,1500.0999999999963,0.063070289782413,0.073320447113963,6007.0,33.7206447649985,36.1527470629633,0.963519776511984,13.0440671852892,0.01031164144383545,9.55902121023698,,,
20,37.3342960460609,3.36260794877885,0.0690845835348349,0.385192671104049,27.864833322702,21.7537363541168,1.94756836708309,7.28268070661945,1686.0480089128384,1506.4999999999986,0.06818409706206713,0.07847868556192418,5986.0,33.1482681984653,36.3240266799359,0.95693819384284,12.4684618968125,0.010297408736068433,10.0323050309435,,,
21,37.2689468041904,3.32476607062217,0.070331694507664,0.450314245294416,27.8596732091876,22.2428064555642,2.08033562044141,6.70282590019212,1685.4611113761282,1513.1999999999916,0.0731976336107497,0.08373630391769661,5964.0,32.5301928291736,36.4993691702131,0.975903555635326,11.8404733029197,0.010558298773507809,10.5840611420582,,,
22,37.2579306792499,3.25962487489684,0.072276526707485,0.505664379625747,27.7610333277226,22.653089976481,2.1913022357297,6.29907799958664,1684.872910699208,1518.6999999999957,0.07821117015943115,0.08909085803871378,5943.0,32.0421312125732,36.6308819456875,1.00185603561734,11.3169087133155,0.01089803149806745,10.9382220928064,,,
23,37.2542256509412,3.19456885297019,0.0745120051844565,0.565233410115426,27.6326332246782,23.0562066923234,2.30400498266387,5.91861518112331,1684.28344048306,1524.099999999999,0.08352551890103177,0.09454007805698855,5921.0,31.5669049526785,36.7523194071954,1.0074678479357,10.7824398767335,0.01102262415684572,11.290867915457,,,
24,37.2499949134479,3.12867131870223,0.0766718984918318,0.630666689497015,27.5012063740993,23.4488696047159,2.41799426314183,5.54592493790397,1683.6927320554053,1529.3999999999942,0.08904040910458275,0.10008184806606187,5900.0,31.0936830988427,36.8717257395249,1.00435329032777,10.2458888201059,0.011055071990399234,11.6343490511987,,,
25,37.2461574338061,3.0587200613339,0.0788669120311798,0.704907027079678,27.3557284863062,23.8533431670561,2.53975949244515,5.16251741994164,1683.100814725949,1534.8999999999974,0.09445502857715778,0.10571418883715158,5879.0,30.5856705000643,36.9933150375934,1.02113370748159,9.66481390469826,0.01130698380557623,12.0450668501625,,,
26,37.2484320792635,2.98935165289706,0.0813827900921633,0.784518178226478,27.1819031708102,24.250283881548,2.66299528262853,4.80113296453407,1682.507716005009,1540.2999999999925,0.10017046024265554,0.11143524301364251,5857.0,30.0911769948698,37.1050936170728,1.01229603113371,9.07690994110496,0.011280321274055163,12.4545234158187,,,
27,37.245365399378,2.91882421143843,0.0837413785050024,0.873482404597521,27.0179245209202,24.6327217934182,2.7874418644533,4.44049842728932,1681.9134617919372,1545.5999999999958,0.10588589190815204,0.11724326235013109,5836.0,29.5093070527365,37.2216943008693,1.01530518473989,8.4725159959257,0.011386174551305259,12.9511774657286,,,
28,37.2440413616449,2.84536021532996,0.0863299109758177,0.972045611877634,26.835454343069,25.0185145010002,2.91798224844349,4.08027180765906,1681.318076538435,1550.99999999999,0.11160132357364895,0.12313659665089098,5814.0,28.9105959548943,37.3372180101262,1.0266243197217,7.8609065118518,0.011587181938168172,13.464655203406,,,
29,37.3430853412283,2.74056663730917,0.0901914238218102,0.962364196540467,26.5760117087322,25.3349731254746,3.02357830098017,3.92922926591329,1680.7215833908506,1555.0999999999954,0.1176175674320659,0.12911368413092636,5793.0,28.4704834660475,37.4051436763319,1.01260266573076,7.32401281814932,0.011506848474213174,13.7877573737406,,,
30,37.4423816762268,2.62861851062179,0.0942576887897413,0.953148123400556,26.3249175053944,25.6597469709106,3.13804166138271,3.75888786327336,1680.1240043147702,1559.3999999999905,0.12343326982853792,0.13517304297558594,5771.0,27.9969796663283,37.4800791670356,1.03163680772837,6.75323592174804,0.011800924362026663,14.1580684371596,,,
31,37.5516755064529,2.51467970097467,0.0985433847557214,0.94085202764365,26.0417201857674,25.9999968323931,3.25631545339863,3.59621690861395,1679.5253602046007,1563.7999999999956,0.12944951368695432,0.1413132639161127,5750.0,27.5340237739061,37.551354465233,1.03037688321512,6.20610890632834,0.011867966864951849,14.4981359713175,,,
32,37.6196863927043,2.49516574612783,0.102489575828323,0.929532472310572,25.7389675566233,26.3336562829539,3.38581076740802,3.39469120604374,1678.92567098036,1568.1999999999907,0.13546575754537382,0.14753300367118313,5729.0,27.0414231752553,37.6068279772035,1.04562438038916,5.59392977136461,0.012127399447798209,14.9321946957873,,,
33,37.7380375149728,2.37456210349298,0.107367643713422,0.913256669485787,25.4386210904686,26.6872351085218,3.51661964109643,3.22430022824809,1678.3249556735052,1572.7999999999947,0.14168254286573745,0.15383097913049854,5707.0,26.5683526326782,37.6795730556374,1.04595322826787,5.03567764035863,0.012219079769484463,15.2704434430579,,,
34,37.8161647928949,2.35309871178671,0.111767383469731,0.896641899272985,25.1079577699884,27.0367223923975,3.65930063894609,3.01834641124369,1677.723232503321,1577.3999999999905,0.14779905745512895,0.16020596217738495,5686.0,26.0710460104074,37.7356822045172,1.05994700419121,4.45217376280429,0.012471431982482763,15.6711510180799,,,
35,37.896774338824,2.33337470368066,0.116528792106983,0.876660040822866,24.7734743291488,27.3829735314111,3.80777268574971,2.81244157825593,1677.1205189451443,1581.9999999999945,0.15411611350646806,0.16665677506415916,5664.0,25.5787168328979,37.7904724353376,1.06440169087641,3.86690956772713,0.012617374239881587,16.0594994731609,,,
36,37.9787851065009,2.31442210908129,0.121246835436296,0.852685268824151,24.4412465180055,27.7261002339528,3.96090368991097,2.60461023828816,1676.5168317914931,1586.5999999999904,0.16053344028878103,0.17318228626780802,5643.0,25.0802572921978,37.8450912236168,1.06098404742969,3.25344042369749,0.012673005822141564,16.4802270130581,,,
37,38.0672499997186,2.29556189976678,0.126442726238788,0.824724124644772,24.0914762963944,28.0760943398401,4.12278511777181,2.39566549562471,1675.912187207007,1591.2999999999943,0.16705103780206482,0.17978140676463258,5621.0,24.4960485969235,37.8996251203761,1.06461217623272,2.60851835328595,0.01281584418240904,17.0011957531818,,,
38,38.1602173512056,2.27837719780746,0.131690254999758,0.793099580308438,23.7268561702911,28.4338638192396,4.29246187970205,2.18343374644592,1675.3066007779678,1596.099999999998,0.17366890604632515,0.186453086671878,5600.0,23.9123621086569,37.9554910772236,1.06387990342693,1.99358690472856,0.01290959717785378,17.484680005964,,,
39,38.3053059188821,2.21293350109744,0.138644696835302,0.7247514874128,23.3478217910848,28.7386159235932,4.41825889554184,2.11366778555248,1674.7000875570563,1599.599999999995,0.18018650355961108,0.19319631221184147,5579.0,23.5045970287398,37.9779014637914,1.06734552233575,1.44508155871595,0.013054617445398117,17.7650744264171,,,
40,38.4140314816285,2.13034905126973,0.146200749329452,0.755247741888726,22.938655950308,29.0681045509279,4.53543774617791,2.01197272846978,1674.092662103908,1603.2999999999906,0.18660383034192218,0.20001010296049193,5557.0,23.0867207151604,37.9954822793498,1.09323628342333,0.880131759853778,0.01347677864180632,18.0644289622128,,,
41,38.5755151458929,2.06071737619879,0.154298818882663,0.683144969190563,22.5021164626571,29.4108547925956,4.67543253694022,1.93791989764216,1673.4843385219508,1607.0999999999954,0.19342224004812986,0.20689350934777892,5536.0,22.6680041956381,38.0153142442098,1.0912790612996,0.30612378541461,0.01356637321357036,18.3592787134379,,,
42,40.9181460044575,2.88608082755954,0.258508490021036,0.475529042219026,19.6737378518688,25.3529124317882,9.13872574413069,1.29635960795509,1672.8751304919433,1708.7999999999938,0.2002406497543364,0.2138456103813883,5514.0,24.7926487911473,37.6577485284828,1.08568110868993,,0.013611849406844654,16.22392157168,,,
43,47.4695992090409,3.32384174787904,0.477755688307881,0.314743639396729,14.7354623531666,19.956348023544,12.7772363794684,0.945012959196515,1672.2650513025753,1765.399999999996,0.20705905946054295,0.22086551156940018,5493.0,26.1307659604674,37.5054156689046,1.09432416501866,,0.013838191262249104,14.3494942056094,,,
44,51.038982364652,3.06157557512227,0.624339792612618,0.282221206981153,12.6289584129275,18.1415478739375,13.3660572656282,0.856317508138735,1671.6541138784457,1773.3999999999978,0.2139777398977229,0.2279523430205297,5471.0,25.4322095391768,37.565908371595,1.1020154633906,,0.014058112812738853,14.2898666258377,,,
45,52.5735359155577,2.63579332587215,0.714425119446582,0.281538568244812,11.8020134376173,17.6616172707552,13.5235547808585,0.807521581647739,1671.0423308056934,1776.3999999999942,0.22099669106587935,0.23510525770334148,5450.0,24.4973137701186,37.6527301474712,1.11775922982716,,0.01438742733720121,14.4221968525829,,,
46,53.7603888190125,2.21384958614846,0.799288025234057,0.285889182332035,11.1873132129703,17.3643692680024,13.6259564003658,0.762945505934506,1670.4297143555214,1778.6999999999912,0.2284167251579264,0.24232342984810126,5429.0,23.5355491515395,37.696685176837,1.07279606173441,,0.013941469288296425,14.6449696098891,,,
47,54.0057124391357,1.75210198128684,0.849719806154082,0.302310118286487,11.0839790568206,17.5763576420808,13.7083350431362,0.721483913099194,1669.821980411089,1781.3999999999978,0.2354356763260803,0.24877097991979755,5407.0,22.6756858104848,37.7407049587523,1.01945841892521,,0.013369946477707671,14.8141508118377,,,
48,52.77638333771,1.62783395419397,0.820462127709906,0.323098003702804,11.6959575399818,18.3810784068682,13.6030716138685,0.772115015964886,1669.2423725864046,1781.399999999997,0.24175273237741873,0.2495656311894166,5386.0,22.5887010109095,37.6840968490465,0.591308850977827,,0.007819477003145024,14.7558932890662,,,
49,52.581259281826,1.65573057888904,0.837683590054699,0.328803609932852,11.740303830963,18.5033395873909,13.5674886323714,0.785390888572084,1668.6627884173545,1780.4999999999977,0.24375814699689247,0.25042581504503647,5364.0,22.4910032067115,37.6644101759121,0.513198364161004,,0.006804539434646042,14.7513882532153,,,
50,53.7200189627723,1.69186976329782,0.920158448445737,0.314278092219484,11.0870617741231,17.8860458506642,13.5978235997117,0.782743508765594,1668.0832207351007,1779.7999999999975,0.2451619372305227,0.25134359218138297,5343.0,22.4146051229273,37.6443638478072,0.477479082849081,,0.006342708326900654,14.7435519464164,,,
51,53.6205663333637,1.68215886058122,0.944997083064573,0.317471257696995,11.0961973157679,17.9703131206198,13.5788255268905,0.789470502015246,1667.5036631307707,1779.199999999998,0.24606437380928542,0.2523150363200552,5321.0,22.3776193711224,37.6265941988635,0.482922937767869,,0.0064227016593678575,14.7028634922462,,,
52,52.6251996852807,1.65654502734077,0.922676973550044,0.334200480532933,11.5686662769951,18.5662638934889,13.5208855439228,0.8055621188887,1666.9241096513892,1778.5999999999976,0.24706708111902165,0.2533375754501032,5300.0,22.3440795551042,37.6103287397124,0.483634838833171,,0.006440735635013599,14.6519568663502,,,
53,51.6164768864242,1.63195435691047,0.8988734709143,0.352845815624057,12.0596700052912,19.1894617847677,13.4270308450642,0.823686835003862,1666.3445546735638,1777.3999999999978,0.24806978842875774,0.25440932475000433,5279.0,22.2970037298979,37.5960145234767,0.478008390478398,,0.006374295112393626,14.618973356147,,,
54,51.6168903653841,1.61583817213689,0.928671759277862,0.355008425839285,12.0132522819728,19.229286105828,13.4116931502282,0.829359739332846,1665.7649928340747,1776.7999999999984,0.248972225007521,0.25552881142735345,5257.0,22.2302636064466,37.5797814525928,0.504749078376146,,0.006738973009027323,14.5852058625844,,,
55,52.6996165318437,1.64757924622289,1.01722554751801,0.339218866496649,11.3767651104314,18.6164475181818,13.477546632869,0.825600546436599,1665.185418986413,1776.6999999999975,0.25037601524115166,0.25669483481762095,5236.0,22.1683682041223,37.5569206383784,0.476303060576043,,0.006371094978277733,14.5584080969232,,,
56,52.6511113328464,1.6269390334169,1.04767644706772,0.342079938647056,11.355787665312,18.6844330284579,13.4603148153724,0.83165773887962,1664.6058281713108,1776.099999999998,0.2512784518199134,0.25790638583009357,5214.0,22.0920386127794,37.5409305599848,0.510117534415534,,0.006831626281177631,14.5269132928203,,,
57,53.7704189305645,1.65120637259748,1.14616246429918,0.327107515800523,10.7167627419949,18.0685809802357,13.491065394426,0.828695600081642,1664.0262155956455,1775.3999999999978,0.2526822420535446,0.2591625964976816,5193.0,21.9888156825897,37.52149562637,0.494493347187998,,0.006634822852381564,14.5251953438523,,,
58,52.8782057518172,1.62381266296446,1.12846746689184,0.343174380237101,11.1253473813726,18.616299199128,13.4383774497025,0.846315707886357,1663.446576616726,1774.7999999999975,0.25388549082522904,0.2604627063902387,5171.0,21.8500085825668,37.5060151152635,0.509211593380714,,0.006843322045164825,14.5447647087889,,,
59,53.9874813050134,1.64150117548833,1.23226534910755,0.328461743691227,10.4956388137726,18.0088234540558,13.462433932093,0.843394226778104,1662.8669067302285,1773.9999999999982,0.25528928105886056,0.2618060391885061,5150.0,21.7250377106364,37.4878145749512,0.506121202797448,,0.006814611590109722,14.5510265116148,,,
60,53.1085240851509,1.61685417549824,1.21304862876616,0.344220157611131,10.8936556606575,18.5462783606138,13.4165155955736,0.860903336128587,1662.287201560709,1773.4999999999977,0.2564925298305407,0.2631919857329653,5129.0,21.5919034908107,37.472522819121,0.517516116360783,,0.0069793137742519456,14.5680575737077,,,
61,53.3583291020359,1.61952915749479,1.26805568853525,0.342737324898916,10.6961285716019,18.4358468541193,13.4117506978593,0.867622603454572,1661.707456853992,1772.7999999999984,0.2579965907951478,0.26461999138693204,5107.0,21.4784607313123,37.4534504471668,0.511551134512515,,0.006912853169088048,14.5565376870083,,,
62,53.6122984524674,1.62154437179157,1.32349545146935,0.34119641794064,10.4983996782632,18.3226514680531,13.4062035870121,0.874210573002573,1661.1276684709621,1772.099999999998,0.2595006517597517,0.26608954638069005,5086.0,21.3586613058715,37.4355992747601,0.507603684000572,,0.006873441895742346,14.5481357353678,,,
63,53.978102347432,1.617563144773,1.38927724470417,0.338017826224688,10.2745087521741,18.130334346544,13.393819708475,0.878376629673005,1660.5478323824289,1771.199999999999,0.2608041712624084,0.26760017827874677,5064.0,21.2221746162329,37.420546224892,0.523083352758112,,0.007095541952768745,14.554195806117,,,
64,54.2289075828619,1.61882860575597,1.44838508161498,0.336597337379353,10.0808011740038,18.0177470147818,13.3834976832607,0.885235520341555,1659.9679446648222,1770.3999999999987,0.2623082322270129,0.2691514459984198,5043.0,21.0983612644824,37.4029002979002,0.519559474515911,,0.007062110568382642,14.5491789631015,,,
65,54.4885714056077,1.62094264001613,1.51189439846361,0.335063980671026,9.88284990047888,17.8981546223585,13.3701460911395,0.892376961264672,1659.3880014965455,1769.4999999999986,0.26381229319161725,0.270742934987121,5021.0,20.9792313274262,37.3840747573035,0.512929701415922,,0.006986239463578342,14.5437642138544,,,
66,54.010745705319,1.60429938565345,1.51988985222287,0.344842233419677,10.0733271808897,18.1962234329854,13.3448642149571,0.905807994552837,1658.807999154851,1768.99999999999,0.26521608342524816,0.2723742532817292,5000.0,20.8573375367581,37.3693176747335,0.526593043321508,,0.0071860404383393564,14.5267517451869,,,
67,53.436667680784,1.58739515571884,1.52189784371434,0.356773600843649,10.2824277872734,18.5761083571724,13.3166332473734,0.922096327119906,1658.227934013137,1768.4999999999986,0.26682041512082666,0.27404502825078453,4979.0,20.7266827965186,37.3525905242486,0.535332933510756,,0.007321292854359358,14.505393745722,,,
68,52.8934457912952,1.56646709088127,1.52800029986491,0.368973951490964,10.4756145051703,18.9494397364101,13.279480678593,0.938577946294168,1657.6478025385895,1767.7999999999902,0.26842474681640355,0.2757549038731007,4957.0,20.5758782493078,37.336428773415,0.554874372252476,,0.007605186023197306,14.4928186050248,,,
69,53.5561496702601,1.57662071365916,1.62402636747801,0.360811272972955,10.0781794369508,18.5737589190466,13.2876903734797,0.942763246152682,1657.0676012901026,1766.99999999999,0.2703298907049047,0.27750353844336956,4936.0,20.3771764163367,37.3205627656082,0.55026017483535,,0.007561634943456796,14.5220006432196,,,
70,52.1954208679966,1.5567977401402,1.56568502063241,0.388050457119553,10.6793184145814,19.445874413876,13.1960924478746,0.972760637779226,1656.4873269164316,1765.89999999999,0.27203449313145545,0.2792906026216665,4914.0,20.2676330210152,37.3045633680476,0.531316222918948,,0.0073184052743656795,14.4964873880182,,,
71,51.6797483320756,1.53862007331063,1.5709015953101,0.40133813228613,10.8619709453997,19.8185017740318,13.137825534264,0.991093613322042,1655.9069761545368,1764.799999999991,0.27363882482703344,0.2811157777629068,4893.0,20.106903174774,37.2908825461053,0.544830761465661,,0.007521131439338229,14.497383517655,,,
72,52.3329585317454,1.5387042266698,1.67292617144586,0.391732577191667,10.4548737270764,19.4390420419707,13.1789752071344,0.990787516765723,1655.3265458280869,1764.4999999999905,0.2753434272535843,0.2829787544763969,4871.0,19.9835318110992,37.2716662716609,0.566605810528132,,0.007840124678679004,14.4481961067118,,,
73,52.1735614518554,1.54280141647547,1.70739849327821,0.398333629237214,10.4628491957496,19.563494927831,13.1436283263921,1.00793255918096,1654.6317954053984,1763.4999999999914,0.27734884187305736,0.28475475535686856,4850.0,19.8070663304124,37.2565399370293,0.541890580828695,,0.007518947978752533,14.4645031517296,,,
74,52.766931194544,1.55479789595127,1.80684153661554,0.389756640305189,10.0953712211923,19.2091174142418,13.1666562102871,1.0105278868628,1653.6588083233264,1762.899999999991,0.2790534442996092,0.28625217355972105,4829.0,19.7249413844486,37.2365679139746,0.526447406704079,,0.0073219388971360105,14.4120432948727,,,
75,52.1980142660052,1.54149475422135,1.81120895482899,0.403820646235465,10.2965488590903,19.6062566578921,13.111665905208,1.03098995651857,1652.6193998482106,1761.799999999991,0.28065777599518693,0.28769255003324234,4807.0,19.5913797626596,37.2199370545713,0.525074857941308,,0.007319136575708224,14.4036083248278,,,
76,51.558451067407,1.53401512953867,1.80596995119737,0.420012167273986,10.538176777268,20.0523189284126,13.0363092770021,1.05474670190022,1651.540905162631,1760.3999999999915,0.2822621076907654,0.28910379247184415,4786.0,19.4730736724297,37.204335641449,0.503426787883972,,0.0070330649327182485,14.3991638982373,,,
77,51.7778785195888,1.53622232900871,1.8797261256582,0.418178936499486,10.3464748614547,19.9375457741064,13.0406438271038,1.06332962657989,1650.4345520145469,1759.6999999999903,0.2837661686553696,0.29049715125007786,4764.0,19.3676175133723,37.1828985999035,0.495328768683991,,0.006934464072294429,14.3841551180402,,,
78,52.1486815387863,1.54007781297403,1.96521361496605,0.413008690877308,10.1146256499372,19.7009245857333,13.0498008588485,1.06766724787736,1649.3064730650183,1758.99999999999,0.28506968815802775,0.2918786775600252,4743.0,19.2682687289506,37.1643827632489,0.492027479390802,,0.006900806162563853,14.3753210284096,,,
79,52.5431589863019,1.53939200631969,2.05805811010537,0.407634616863376,9.8709515209452,19.4533268841917,13.0560445735639,1.07143330170889,1648.1605114803688,1758.199999999999,0.28637320766068414,0.2932521117357918,4721.0,19.151947664803,37.1457808838635,0.500177118861871,,0.007027920737134624,14.3720943324716,,,
80,52.0483941417238,1.53207539431914,2.06561747522449,0.420564232117265,10.0659497779811,19.7811904272335,12.9947061004652,1.09150245093551,1646.9992864144617,1756.89999999999,0.28777699789431455,0.294619971007077,4700.0,19.0408642539726,37.1315080462526,0.488395001243815,,0.006875897525606292,14.369232698531,,,
81,52.4719768522786,1.5270684384952,2.16247258397694,0.414540485713694,9.80749513864366,19.5159456397851,13.0067805509819,1.09372031012485,1645.8246878823088,1756.199999999999,0.28908051739697194,0.2959840509815202,4679.0,18.9031381218466,37.1146456423842,0.510962263521896,,0.007206802024286263,14.3712539722473,,,
82,52.6954614284822,1.5292232642572,2.24613460058328,0.412626209491606,9.61716800092498,19.3929353638128,13.0032960541743,1.1031550782736,1644.63813780262,1755.2999999999988,0.29058457836157514,0.2973456883695606,4657.0,18.7962687707215,37.0931388738646,0.500005939674805,,0.007067221762188046,14.3605864157392,,,
83,52.1997504776712,1.52286861150224,2.25470021889669,0.425633412348135,9.80891699056196,19.7199665291036,12.94414437823,1.12401938168616,1643.4407405295028,1753.9999999999982,0.2919883685952064,0.29870591151415615,4636.0,18.6894773862441,37.0784225742941,0.486166525116278,,0.006885236157998549,14.3559335143456,,,
84,52.5871838786456,1.52278978775038,2.35602975811738,0.420062644064737,9.56941125812055,19.4679910698103,12.9481511014507,1.12838050204035,1642.2333756133687,1753.099999999998,0.2932918880978654,0.3000655325836085,4614.0,18.577313521113,37.0591377540354,0.490457209686893,,0.006958813985341853,14.3530915151646,,,
85,52.9581299494316,1.52680864066896,2.45493923266528,0.414832257299744,9.34240939757849,19.2239164842181,12.9449616270288,1.13400241110891,1641.0167579858612,1752.099999999998,0.29459540760052133,0.3014252070370407,4593.0,18.4774771044763,37.040580922876,0.481841780000303,,0.0068492079602033105,14.3501001926474,,,
86,53.3409923645206,1.52468746406553,2.56072544509812,0.409679996630838,9.10933759078346,18.976965548986,12.9388071461907,1.13880444372467,1639.7914786551455,1750.9999999999982,0.2958989271031778,0.3027854736056345,4571.0,18.3536185421379,37.0221827925466,0.489110336893181,,0.00696539927218998,14.3550883284224,,,
87,53.7017144081431,1.51749485908072,2.66390938750332,0.405254248582017,8.88944717771645,18.7492274091627,12.9299216843366,1.14303082547515,1638.5580331710623,1749.8999999999983,0.29720244660583506,0.3041467821050895,4550.0,18.2040216476637,37.0061423017427,0.510417058309183,,0.007282309292469432,14.3694189922845,,,
88,52.3767977765783,1.50652714613339,2.58570341646429,0.435135184772926,9.46621909900301,19.6108218801344,12.8386944512979,1.18010104561581,1637.3168421077214,1748.5999999999976,0.2987065075704401,0.3055095133421692,4529.0,18.1206430131106,36.9924001722608,0.481457169990115,,0.0068838600227354154,14.3454996446385,,,
89,52.7695834362072,1.50334360856416,2.697206948763,0.429312060042144,9.22469379319766,19.3508821987538,12.8407933524865,1.18418460198557,1636.0682661609446,1747.5999999999976,0.30001002707309793,0.3068739937118108,4507.0,17.9954906249355,36.9732977643731,0.492981764758243,,0.0070617642853207764,14.3482298459331,,,
90,52.3022502638811,1.49282813217518,2.71190643161564,0.442303450095015,9.39508266319068,19.662842566672,12.7876031288037,1.20518336356673,1634.8126175090756,1746.299999999998,0.30141381730672845,0.3082405061263783,4486.0,17.867808108454,36.959085019568,0.494278749873176,,0.00709457083211104,14.3488281221048,,,
91,51.7813385132403,1.48706567106466,2.72271517839475,0.456907008244341,9.59313550075699,20.0100926318433,12.7186902070549,1.23005528940065,1633.550168517252,1744.6999999999985,0.3028176075403586,0.3096092983485819,4464.0,17.7627468316565,36.9434724419546,0.476386972979945,,0.006851531324319642,14.347393753409,,,
92,52.2101408749878,1.48190948416323,2.84016445676781,0.4498075919447,9.3313627575285,19.7210432126475,12.733565966856,1.23200565510442,1632.2811585125653,1743.8999999999974,0.3041211270430167,0.31098058944705825,4443.0,17.6270174926094,36.9250207624453,0.497872886502055,,0.007173960900605986,14.3500888584432,,,
93,51.7200691942583,1.47372684502669,2.85543241894417,0.464051437468637,9.51219802892846,20.0508043430263,12.6675578338142,1.25615989853314,1631.0057991319643,1742.299999999998,0.3055249172766464,0.31235457486885987,4421.0,17.5082424946277,36.9098946423904,0.489224518413267,,0.007063593970737316,14.3526383445687,,,
94,52.1000482171199,1.47319299492335,2.97031273385259,0.457687714124192,9.27513717099149,19.7864750774444,12.67647068958,1.26067540196416,1629.7242785965673,1741.3999999999978,0.30682843677930377,0.31373143047592905,4400.0,17.3964164184516,36.8903632929481,0.493526398952138,,0.007139106016955559,14.3496938896482,,,
95,51.6099551090517,1.46505237301013,2.98300408236998,0.472231234926884,9.45615556228431,20.1184623477516,12.609802161758,1.28533712884745,1628.4367651663752,1739.7999999999975,0.3082322270129353,0.31511131579394164,4379.0,17.2719877189526,36.8767042947332,0.486137737565561,,0.007046495688731139,14.3551702487486,,,
96,51.9715883277494,1.46606744555139,3.10219474594371,0.465990851530124,9.22643641965581,19.8602135492803,12.6162408920986,1.29126776819063,1627.1434099609082,1738.7999999999975,0.309535746515592,0.3164943766543228,4357.0,17.1736641329549,36.855276519903,0.482814628328316,,0.0070115397666034845,14.3482447188138,,,
97,52.358561107537,1.46381462903994,3.22351044359003,0.459477838167045,8.98761694785018,19.5893759320104,12.6220238803741,1.29561922143132,1625.8443492833565,1737.7999999999975,0.31083926601825057,0.3178807473630691,4336.0,17.0529954341362,36.8360270873002,0.491025450134074,,0.007144266697716789,14.3499520284294,,,
98,51.8772438958249,1.45480069497405,3.24273719794399,0.473737299449786,9.15839019311914,19.9118563268095,12.5607033286847,1.32053106319391,1624.5397065517059,1736.199999999998,0.31224305625187976,0.31927055249653474,4314.0,16.9293220660486,36.820655933935,0.486812035735633,,0.007097419969902796,14.3532099642808,,,
99,52.2671660148209,1.45131484090062,3.36791336400188,0.467012856878513,8.91760871147898,19.6364003747153,12.5681632200278,1.32442061717611,1623.2295939156213,1735.199999999997,0.3135465757545375,0.32066390840017805,4293.0,16.8033784944906,36.8012902351979,0.498886791740777,,0.007287274200128208,14.3564444785707,,,
100,51.7611464708836,1.44443401129785,3.38424273389779,0.481301139173979,9.10344172153633,19.9719412052359,12.503052156439,1.35044056153546,1621.9141136197675,1733.4999999999977,0.3150506367191415,0.32206092444862894,4271.0,16.7155052635406,36.7419026706004,0.483422415370311,,0.0070768908705945086,14.3691696504887,,,
101,52.1573474768704,1.44043457490585,3.51361754748876,0.474238896879414,8.85910854552746,19.688912986086,12.5123727262266,1.35396724601555,1620.5933591608034,1732.4999999999977,0.31635415622179897,0.32346170411234687,4250.0,16.5877912538628,36.7222460780721,0.497201266891095,,0.007292479713861764,14.372761401174,,,
102,51.6497046598553,1.43387219113668,3.52680886420042,0.488827419153862,9.04602057480807,20.0276951403516,12.4464052480114,1.38066590248269,1619.2674162751775,1730.7999999999975,0.31785821718640417,0.3248663458663505,4229.0,16.4957134205147,36.6642915340533,0.482000144832228,,0.007085111639456542,14.3879949005997,,,
103,52.0269667559593,1.43063951031642,3.660170193239,0.481193253486871,8.81304352013161,19.7491384602182,12.4545495395107,1.38429876713797,1617.9363637871663,1729.6999999999975,0.31926200742003386,0.32627494396904766,4207.0,16.4046668802114,36.5988977483834,0.487095400050123,,0.007174773899692484,14.3993399713551,,,
104,51.5462551177433,1.4208455317713,3.6779145944031,0.495508683886318,8.98500268834071,20.0730616984703,12.3917718535931,1.40963983179177,1616.6002743407048,1727.9999999999982,0.3207660683846386,0.32768758913353513,4186.0,16.2931562572408,36.5414359563181,0.484428512070807,,0.007151291881765678,14.4209792743703,,,
105,51.0249506890831,1.41228981212093,3.69310196525571,0.511412294535595,9.17714830299118,20.4280045364414,12.3144269911991,1.4386654083731,1615.2592150339844,1725.9999999999982,0.3222701293492428,0.32910436910932006,4164.0,16.1885320439422,36.4834131110124,0.47287624297452,,0.006996245642469595,14.4451786020709,,,
106,51.4333939397954,1.40952225697478,3.83218018864853,0.503097048634901,8.92312961729176,20.1232469954125,12.3337204618836,1.44170949135849,1613.9132479722225,1725.099999999998,0.32357364885190093,0.33052536918900216,4143.0,16.0723893182495,36.4619593589101,0.483660182369623,,0.00716958467787761,14.4419911404707,,,
107,50.8940019577866,1.40175785487027,3.84551097419679,0.5197044839766,9.12284994826183,20.4913116227871,12.2520837034557,1.47277945466514,1612.5624307511912,1722.99999999999,0.32507770981650413,0.3319506726517605,4121.0,15.9704161946738,36.4040679784865,0.468415232244835,,0.0069590734251201115,14.4671005945949,,,
108,51.2491926666712,1.40150001947412,3.97975292690694,0.511601209215663,8.89888407968353,20.2154638777319,12.2658031838305,1.47780203648625,1611.2068168818573,1721.9999999999982,0.3264815000501354,0.3333803611533479,4100.0,15.8980315863418,36.3381212544699,0.463407300399809,,0.006899021890722182,14.4704398587885,,,
109,51.6639151778999,1.39646657529457,4.1243983995742,0.502417534259366,8.64794134496815,19.9026175878546,12.2833741221725,1.47886925797683,1609.8464561646986,1720.9999999999982,0.32788529028376545,0.3348145150706131,4079.0,15.7959445310097,36.2728916523316,0.476950014264965,,0.007115470897582642,14.4842138023938,,,
110,52.0180544055755,1.39498389293558,4.26582330610341,0.494719583124705,8.42787308217777,19.628411120712,12.2850776689775,1.48505694039356,1608.4813950208184,1719.6999999999975,0.3292890805173963,0.3362532138071864,4057.0,15.718450925798,36.2063933094938,0.471125087708169,,0.007043281323189841,14.4940306770001,,,
111,52.3935737848062,1.39107930590545,4.40791040621768,0.486862304265569,8.20148597669225,19.3437586846879,12.2859943516262,1.48933518579876,1607.1116767858173,1718.3999999999978,0.33069287075102793,0.3376965360658732,4036.0,15.6201359723114,36.1419490456972,0.475281436197483,,0.007120321141535327,14.5126335457939,,,
112,52.7595652595573,1.38755896342826,4.55422177512417,0.479310014977415,7.98068044259671,19.0641197987318,12.2793362343206,1.49520751126375,1605.737341971428,1716.8999999999983,0.33209666098465845,0.33914456009240235,4014.0,15.5274293202451,36.0763893182715,0.474260283777912,,0.0071199562194552155,14.5319210777055,,,
113,53.1218230532108,1.38105034259434,4.69745694622308,0.47227024672499,7.76513269655707,18.7917820779318,12.2710518813689,1.49943275538906,1604.3584284991389,1715.3999999999978,0.3335004512182897,0.3405973638944344,3993.0,15.410586865088,36.0129706188067,0.485045253386779,,0.007297205557195415,14.5613972627185,,,
114,52.6379015546304,1.37403511125622,4.72711836305754,0.485563134668598,7.9224304871221,19.1001792075102,12.2250871071108,1.52768503464418,1602.9749719093936,1713.7999999999984,0.33500451218289345,0.3420550254391426,3971.0,15.3261119313522,35.9509342404011,0.474505550157636,,0.007154788150748428,14.5684482780891,,,
115,52.1670570135533,1.36190111716292,4.75436998166906,0.499528489204219,8.07549658991007,19.4097353910803,12.179113697318,1.55279772010207,1601.5870055494158,1712.199999999999,0.3365085731474988,0.3435176228321814,3950.0,15.199832255077,35.8916069741143,0.486177207318948,,0.007347396211560351,14.5923835634897,,,
116,51.6435188615733,1.35725805486258,4.77256412221504,0.514888472906992,8.25627635722152,19.7549861400258,12.114174986333,1.58633300486173,1600.194560742273,1710.2999999999988,0.3380126341121025,0.3449852344804336,3929.0,15.1162548206118,35.8326470610367,0.464638246447817,,0.007037840752011766,14.6064598719037,,,
117,52.0243996174857,1.3519509023566,4.92865270239081,0.506225365752932,8.02495905414297,19.4553729882255,12.1181949535604,1.59024441608518,1598.7976669394172,1708.89999999999,0.339416424345734,0.3464579392406003,3907.0,15.0179999052911,35.7655511900405,0.471261183409458,,0.007153327009858202,14.6251877212589,,,
118,52.405282095098,1.34335455184616,5.08180008153045,0.498111104629514,7.79752973001185,19.161291993077,12.1209212470324,1.59170919677459,1597.3963518586313,1707.4999999999986,0.34082021457936407,0.3479358165553896,3886.0,14.8912700483556,35.7006214997229,0.492034298545125,,0.007484549719274792,14.6560741533764,,,
119,51.0369924846643,1.3331452803923,4.98032058633538,0.537086433611788,8.3535604272298,20.1151989839927,11.9912898791972,1.6524059245766,1595.990641609052,1704.899999999991,0.3424245462749425,0.3494189465788465,3864.0,14.7843304201714,35.6478167718582,0.467111674323573,,0.00712277636967937,14.6807411336468,,,
120,51.4376125586981,1.32726477929307,5.13959796928442,0.5273526832248,8.11174660069101,19.7961046873407,12.0065998801933,1.6537208412746,1594.5805608047128,1703.6999999999912,0.34382833650857275,0.35090741029212497,3843.0,14.6806935228448,35.5807973159431,0.479956729913845,,0.0073343021074854025,14.6985524312983,,,
121,50.9373034746487,1.31860890928824,5.167339560258,0.543352450184058,8.27758363808662,20.1316619924019,11.9365110421975,1.68763893293502,1593.1661326678648,1701.4999999999914,0.34533239747317795,0.3524012896108667,3821.0,14.566259474684,35.5216524994222,0.473410899709064,,0.0072508944663664315,14.7286771261847,,,
122,51.2985111614315,1.31508519427493,5.32315206663963,0.534277555641229,8.05471343744178,19.8358758321909,11.9456313844384,1.69275336794166,1591.7473791231746,1700.1999999999916,0.34673618770680764,0.353900667485181,3800.0,14.4803171406077,35.4543286971794,0.473798031256478,,0.007272417977843092,14.7415561309565,,,
123,50.7951241663753,1.3067616051195,5.34673030538668,0.550657075517634,8.22244057714402,20.176257174395,11.8743617970712,1.72766729899071,1590.3243208837591,1697.9999999999918,0.3482402486714127,0.3554056279931039,3779.0,14.3604597040945,35.3968904315292,0.467769764526409,,0.0071964579157909065,14.7748800998499,,,
124,51.1962018785409,1.30014652125536,5.51640801567482,0.540384799899476,7.97866764246767,19.8481710860102,11.8912684797399,1.72875157641171,1588.8969775298976,1696.699999999992,0.34964403890504453,0.3569162564283045,3757.0,14.2589053868062,35.3273604309425,0.48124423705561,,0.007419738468325788,14.7924899451956,,,
125,50.7223402715732,1.29094969056297,5.54579154964173,0.556158997360987,8.13089455549176,20.1676121825996,11.8239741168832,1.76227863588649,1587.4653675811655,1694.4999999999923,0.3511480998696483,0.3584326393827217,3736.0,14.1300279942682,35.2697181712858,0.481012153529378,,0.00743335115947115,14.8292416809166,,,
126,50.2245086741012,1.28193756719129,5.57533897265919,0.573161436011615,8.29382141787321,20.5069783350342,11.7444742522174,1.79977934491187,1586.0295085626399,1691.9999999999936,0.3526521608342515,0.35995486482472117,3714.0,14.002502381126,35.2117740824329,0.475571358185896,,0.00736634693596492,14.8701521782553,,,
127,49.7675669820437,1.27177655377614,5.60597038763491,0.589799614267024,8.44058890521757,20.8238931353304,11.6652893065306,1.83511511519965,1584.5894170657575,1689.499999999995,0.35415622179885553,0.36148302217331585,3693.0,13.8558960746961,35.1560033343111,0.478400319961643,,0.007427423070356187,14.9197002710313,,,
128,49.2928079419842,1.26148383376204,5.63765725553867,0.607563219871715,8.5951188164048,21.1567565379197,11.5744990517333,1.87411334278555,1583.1451088043352,1686.6999999999957,0.355660282763461,0.36301720236890767,3671.0,13.7082396932072,35.0999723160279,0.477509992249225,,0.007430905574995717,14.9742779985157,,,
129,48.8220918578855,1.25132759203159,5.66417266628484,0.626011958982463,8.75105014751821,21.4941023570526,11.4766236745542,1.91461974569064,1581.6965986662076,1683.7999999999975,0.3571643437280651,0.3645574979409873,3650.0,13.5510837029728,35.0466551264823,0.476741143822572,,0.007436299232921096,15.0355200267224,,,
130,48.3503953947853,1.24086107454383,5.68941969812501,0.645272042441733,8.90880956547278,21.837950167362,11.3698814887572,1.95741056851214,1580.243900760887,1680.6999999999985,0.35866840469267003,0.36610400307315377,3629.0,13.3864469123242,34.9946260930357,0.475607918731126,,0.007436021243450998,15.103319075909,,,
131,47.9255397477019,1.22922345548355,5.72685367016639,0.663526115218485,9.04269249949625,22.1479729033116,11.2656257562388,1.99856585238305,1578.7870284636056,1677.4999999999914,0.36017246565727384,0.3676568136658049,3607.0,13.214939418268,34.9411055107731,0.479636368743083,,0.007516633266620944,15.1743187022159,,,
132,48.6271374578967,1.23277046790509,5.95955214920011,0.638281398660515,8.64699363488954,21.5338334416252,11.3774576968322,1.98397375299061,1577.325994456062,1677.7999999999984,0.36177679735285323,0.3692160273967959,3586.0,13.2238716118695,34.8607058984054,0.475821294459945,,0.007475589857972433,15.0896011952651,,,
133,48.1808376148571,1.2216853415818,5.99590226517854,0.656863850532586,8.78797192375063,21.8552102956399,11.2746404202215,2.02688828823792,1575.8608107641628,1674.5999999999913,0.3632808583174577,0.3707817437803465,3564.0,13.0560799527341,34.8067635296614,0.477811972199044,,0.007524597987386526,15.1593445454054,,,
134,48.8954772115611,1.22410230326164,6.2325694268656,0.631593733758461,8.39165763352927,21.2346336808655,11.3775600298989,2.01240598025956,1574.3914887930134,1674.6999999999985,0.3648851900130353,0.3723540642244455,3543.0,13.0568620394251,34.7270359328709,0.474954736947198,,0.007498496004849985,15.0811472907568,,,
135,48.4559204186572,1.21326749189631,6.27286556912514,0.649506629389666,8.52600071622561,21.5451664689293,11.2827394639757,2.05453324180107,1572.9180393593947,1671.5999999999913,0.3663892509776398,0.37393309208697406,3521.0,12.8915180068593,34.6719809464169,0.478314861234885,,0.007569470821884556,15.1481861854889,,,
136,48.0425195734817,1.20257669356744,6.31184994289475,0.667218766948965,8.65084346044984,21.8418695371018,11.1868568914164,2.09626513413908,1571.440472721933,1668.4999999999923,0.3678933119422444,0.3755189327307723,3500.0,12.7182733754983,34.6190600896439,0.483536208327769,,0.00767030787321969,15.21913032653,,,
137,48.7594536077742,1.20420431583012,6.55364933335268,0.641329926002434,8.25544925226992,21.2141126342878,11.291614449642,2.08018648084076,1569.958798609151,1668.5999999999913,0.36949764363782106,0.37711169357782054,3479.0,12.7170712900173,34.5383166042234,0.482800904728512,,0.007678131436522124,15.1418112010309,,,
138,49.4698958685998,1.20403691928305,6.79711392331992,0.617070012416974,7.87131969171134,20.6025896115586,11.3693862022296,2.0685877708807,1568.4730262455705,1668.099999999999,0.37110197533340034,0.3787114841627254,3457.0,12.7012327620319,34.45914388499,0.479641338764083,,0.0076473427736620395,15.079982014214,,,
139,49.0522635179409,1.19398644836463,6.84144158074669,0.633508477266022,7.9909859419557,20.8879387073549,11.2919827222291,2.10789260414208,1566.9831643760217,1665.2999999999915,0.372606036298005,0.3803184161856704,3436.0,12.537793438757,34.4033363120818,0.486922270337464,,0.007782040440106509,15.1419479788237,,,
140,48.9344610528854,1.18861689366005,6.94312117785906,0.639386646973701,7.97894286358749,20.9290969057845,11.2473393957475,2.13903506350231,1565.4892212882964,1662.899999999992,0.374310638724556,0.3819326035649757,3414.0,12.4380079256206,34.3427198476618,0.479534856320339,,0.007684853466672095,15.1397373703973,,,
141,49.6580292607391,1.18782138464864,7.18586661517184,0.614916675088659,7.59726558038942,20.3111920008383,11.3180667841674,2.12684169895657,1563.991204834272,1662.2999999999915,0.37591497042013466,0.3835541624894163,3393.0,12.4126750582854,34.2656192023277,0.477310649061575,,0.007668872896233535,15.0843950903253,,,
142,49.2289479106426,1.17766578116177,7.23688204724125,0.631362288390842,7.71630714266972,20.5977371668546,11.2430323775898,2.16806528544941,1562.4891224496212,1659.3999999999924,0.37741903138473915,0.38518321147042733,3371.0,12.2521897762497,34.2075062435722,0.484086503453472,,0.007796529287380774,15.1462174767246,,,
143,49.1334229383822,1.17235665081036,7.34000741266504,0.636446043430049,7.69525471575319,20.6212086846143,11.2035384543275,2.1977651000174,1560.9829811722113,1657.0999999999935,0.37912363381128994,0.3868198713943204,3350.0,12.1473038586474,34.1478812838123,0.479660337096358,,0.007746452472486395,15.145154520444,,,
144,49.8677810545133,1.17027504891964,7.58624544658763,0.611849244405031,7.31568482403263,19.9969259190922,11.2663432370157,2.18489522543389,1559.4727876592879,1656.2999999999925,0.3807279655068687,0.3884642655746295,3329.0,12.1111947825721,34.071275536358,0.479597807304589,,0.007765508537962907,15.0979318737653,,,
145,48.6036157921691,1.15695874675852,7.49475943212171,0.65892437822785,7.79458757271961,20.9380345460092,11.079054260953,2.274065271041,1557.9585482035272,1651.5999999999958,0.3823322972024462,0.3901165198046969,3307.0,11.8737798828363,34.0316873910002,0.479929094830445,,0.007791056734260465,15.2146036313331,,,
146,49.3545012380774,1.15481360226026,7.74855976987336,0.632549230909067,7.40413537366544,20.2899635621063,11.1593717402064,2.25610548290184,1556.44026874804,1651.0999999999945,0.38393662889802543,0.3917767624106071,3286.0,11.8439211089525,33.9521184896827,0.48425382537163,,0.007881735438991382,15.1597065759931,,,
147,49.2512819928331,1.14907408453319,7.85970360748926,0.63754517347685,7.38319583109574,20.3125721763163,11.1177802160376,2.28884691821794,1554.9179549003934,1648.5999999999958,0.38564123132457556,0.39344512430457157,3264.0,11.7400076255223,33.8906747875076,0.478362974149779,,0.007807458367060199,15.1609546128204,,,
148,48.8634988290484,1.1391109950519,7.91647269653996,0.653212233077487,7.48168340469314,20.567806109959,11.0490173005222,2.3291984311079,1553.3916119457213,1645.6999999999966,0.38714529228918204,0.3951217390388592,3243.0,11.5663767356645,33.8336496305753,0.490569322832977,,0.008026330543733279,15.2294043109271,,,
149,48.7825140424202,1.13288712359002,8.03298235981326,0.657619129485708,7.44995383529455,20.5723609067034,11.0114851987213,2.36019740397155,1551.8612448589781,1643.199999999998,0.38884989471573245,0.3968067428603721,3221.0,11.4557541691357,33.771709208423,0.488895486478203,,0.008021254905302757,15.2336411359631,,,
150,48.6822590882149,1.12745387619315,8.14132292208286,0.662753699947679,7.42840270416519,20.5939890869907,10.9694147331519,2.39440388925368,1550.3268583163954,1640.6999999999985,0.3905544971422843,0.3985002747659565,3200.0,11.3457445223518,33.7122068864643,0.483795534392387,,0.00795978174386948,15.2382530567915,,,
151,48.6191941514468,1.12139527004677,8.25691672823513,0.666681940767611,7.39025846609997,20.5859932934999,10.9356335572461,2.42392659265771,1548.7884567061876,1638.2999999999906,0.39225909956883614,0.4002024765585391,3179.0,11.2298537813839,33.651603826249,0.484785931453065,,0.007998447969857535,15.243756460914,,,
152,48.4927693251103,1.11462463974159,8.36709721325826,0.671449045797396,7.3816147907118,20.6224117567063,10.8907273500185,2.45930587865575,1547.2460441385551,1635.5999999999913,0.3940639727263603,0.4019134929041817,3157.0,11.1434293851902,33.5455400430694,0.476603575774885,,0.007886870358677548,15.2644269959656,,,
153,49.2468945180974,1.11113942298324,8.62674500384579,0.644226620666704,6.99999369496239,19.9667089465192,10.9646562005929,2.43963559233239,1545.6996244550253,1634.899999999991,0.3956683044219392,0.40363347139013506,3136.0,11.1071717460524,33.4650081282739,0.481434855100212,,0.007987968393897659,15.2163852705735,,,
154,49.1542008165028,1.10386033655737,8.74478015514782,0.647578465518531,6.97675278045875,19.9739720967948,10.9283454674105,2.47050988160941,1544.1492012371714,1632.2999999999915,0.3974731775794647,0.40536256258398506,3114.0,11.0177494335999,33.3573365597916,0.477936233374296,,0.007953673379502348,15.2369777732342,,,
155,49.0402186694838,1.09746292831136,8.85424799017546,0.651648344923268,6.96419105703168,19.9998080491004,10.8870041492512,2.5054188117229,1542.5947778147415,1629.699999999993,0.3992780507369894,0.40710092009397,3093.0,10.9304255918024,33.252192419178,0.47012745309734,,0.007847228394213647,15.2572545359223,,,
156,48.6316395815841,1.08659030825643,8.91900717983688,0.666780662511789,7.06737644798634,20.2598783921074,10.8198665714416,2.54886085627548,1541.0363572732347,1626.499999999994,0.40088238243256774,0.4088487006305645,3071.0,10.7754572860456,33.147526104873,0.480501173033416,,0.008041860636542525,15.346515436048,,,
157,48.5111570795188,1.08009285454662,9.02875232825255,0.671135241451105,7.05666510025802,20.2900760422635,10.776049312902,2.58607204080746,1539.473942460948,1623.7999999999947,0.4026872555900927,0.4106060640694031,3050.0,10.6844446383437,33.0426327252711,0.472582564900663,,0.007933230903150287,15.3703400714846,,,
158,49.2578339777136,1.07472988754179,9.28785707721938,0.642897169232231,6.69113979427473,19.6383217430164,10.8438955611189,2.56332478988302,1537.9075359955261,1622.8999999999946,0.4043918580166452,0.412373173515641,3029.0,10.6652518508226,32.9162488928045,0.475686264249282,,0.008008186266822932,15.3428129921236,,,
159,49.1716641826962,1.06714314202175,9.41106303813823,0.645736538462415,6.66416928696263,19.636181497845,10.8087841531821,2.59525816069165,1536.337140270037,1620.1999999999953,0.4061967311741699,0.41415019536983366,3007.0,10.5706534200754,32.8076176633576,0.473440389107742,,0.007994602990674463,15.3682885274593,,,
160,47.9390241306475,1.05507600361145,9.33002740620211,0.692919299423642,7.10379834260992,20.5500936327511,10.6304684782929,2.69859270646141,1534.7627574585933,1615.099999999999,0.4079013336007213,0.4159372993954182,2986.0,10.3269461468674,32.7264855341503,0.477809115381669,,0.008091602292661615,15.5187592036007,,,
161,47.8298903942456,1.04764695207861,9.45077858207564,0.696717045216979,7.08457512755178,20.5657712235547,10.5878336984019,2.7367869768748,1533.1843895215445,1612.1999999999907,0.4097062067582466,0.4177346587878966,2964.0,10.2290325494789,32.6190829327637,0.472829355942867,,0.008031753965396068,15.5490551618146,,,
162,47.7519696744329,1.04039651363986,9.57155202112635,0.69957653005493,7.05415221900022,20.5593721378385,10.5528135943303,2.77016730957697,1531.6020382102558,1609.4999999999923,0.4115110799157722,0.4195424502457988,2943.0,10.1272333653537,32.5124050585755,0.471983471669636,,0.008041974300044908,15.5783781044012,,,
163,47.681863531196,1.03253549682392,9.70060224999527,0.701941479934049,7.01805861241396,20.5424848458819,10.5196785629782,2.80283522077674,1530.0157050714913,1606.699999999993,0.4133159530732982,0.42136085404352397,2921.0,10.0247409920108,32.4032395086375,0.472479546399173,,0.00807519306783752,15.6095399529525,,,
164,50.3750588660288,1.05681096731652,10.245662129909,0.634191602843945,5.91998800286334,18.3416986620255,11.0812368948435,2.34535287416947,1528.4253914514163,1612.0999999999954,0.41522109696179665,0.4231900541061502,2900.0,9.88447417292192,32.3043929872961,0.472062405700902,,0.00809434852024866,15.6590704340811,,,
165,49.0923513551831,1.04709012233103,10.1732535274603,0.680504326056725,6.3535844264645,19.2559659724206,10.9664455077183,2.43080476236544,1526.8310984992352,1608.3999999999978,0.4169256993883479,0.4250302380863125,2879.0,9.70553445797963,32.2098230814957,0.477082970782438,,0.008204350314401332,15.7575594897423,,,
166,49.0129330270021,1.03882800944753,10.3013750095723,0.683000768224284,6.32378259575095,19.2450217386231,10.9350136274145,2.46004522396516,1525.2328271704735,1605.5999999999985,0.41873057254587387,0.42688159744323956,2857.0,9.60630694289842,32.0995277284981,0.476829901040178,,0.008225459738488494,15.7873354275633,,,
167,48.9389798046606,1.03098768199824,10.4248889694716,0.685461183422393,6.29367467422943,19.2326109008839,10.9047534888734,2.48864329646047,1523.630578229918,1602.899999999991,0.42053544570339857,0.4287443275240553,2836.0,9.504463715775,31.9909802096172,0.477399889148773,,0.008260942881965262,15.8171561854591,,,
168,48.8752106715088,1.02232653895182,10.5567665925416,0.687410811035521,6.25737926077184,19.2083327266164,10.8772863987053,2.51528699986876,1522.0243522542253,1600.0999999999917,0.4223403188609242,0.4306186276474467,2814.0,9.39904960155133,31.8796081659616,0.481088495302908,,0.008350781032857277,15.8502537371842,,,
169,48.8158794587638,1.01413999769477,10.6837880491941,0.689355051197349,6.22126600961532,19.1833985412619,10.8507756315599,2.54139726071284,1520.4141496342043,1597.3999999999924,0.42414519201845063,0.4325047011898027,2793.0,9.29168671607442,31.7700237115854,0.485243213229803,,0.00844929850652627,15.8830463591103,,,
170,50.6712550585669,1.03436375426568,11.0723258066081,0.65505437051157,5.48928049964223,17.6618280663038,11.2623233431984,2.15356910090331,1518.799970576784,1599.2999999999988,0.42615060663792226,0.4344027556739314,2771.0,9.00132839274724,31.7055221599604,0.473517091353782,,0.008273931353377282,16.0496323559386,,,
171,49.3818714134449,1.02457941725699,11.0081696092551,0.702323738285232,5.90954701008196,18.5672157093364,11.1831057991706,2.22318730316878,1517.1818151066714,1596.2999999999906,0.4278552090644741,0.43631300286047575,2750.0,8.84459905534049,31.6018468594317,0.486989995952316,,0.008534700244520084,16.1265640892755,,,
172,48.5131789142091,1.01564600317338,11.0032383075712,0.737221085943126,6.1852385676481,19.1709183190652,11.0878722793012,2.28668652308866,1515.5596830677027,1592.699999999993,0.4297603529529729,0.4382356588421336,2729.0,8.69527094083753,31.5056466799541,0.489045340599488,,0.008599355382442199,16.1800370386089,,,
173,47.6173465907122,1.0057779252693,10.9953444434762,0.775234085509966,6.47668200273928,19.8085432982344,10.9582565801022,2.36281507395639,1513.9335741238979,1588.2999999999952,0.4316654968414722,0.44017094414080726,2707.0,8.53294717331209,31.4138708464258,0.48310460702319,,0.008523369919251768,16.2500773732389,,,
174,46.7758491317566,0.994558186284319,10.9839803876954,0.814018631706118,6.75560778188554,20.4252637297662,10.8145118300374,2.43621032086841,1512.3034877602158,1583.5999999999976,0.43357064072997126,0.44211908380781184,2686.0,8.3411544903841,31.3269617628269,0.485943982127268,,0.008602300975876585,16.3359397646617,,,
175,45.9264311834736,0.981602124085136,10.9715825618944,0.855530317525728,7.04243937195684,21.0640691789168,10.6384707214603,2.51987454068726,1510.6694232830173,1578.0999999999926,0.43547578461846986,0.4440803075272595,2664.0,8.13348904828672,31.2439404912087,0.485519744485182,,0.008623796527267885,16.4370507160194,,,
176,48.4956117632502,1.00948582629285,11.5105207307323,0.775645139892366,5.98301877937979,18.8462834628621,11.3562021833149,2.02323211427555,1509.0313798202342,1585.4999999999932,0.43738092850696886,0.44605484972276316,2643.0,8.02177246576346,31.1250417501339,0.494525613347142,,0.008813502287420104,16.4686601707555,,,
177,47.6074645236904,0.999369840350878,11.5060667976736,0.814914565747454,6.26883617248895,19.4763428578014,11.2395440511312,2.08746119111606,1507.3893563212473,1581.399999999995,0.43928607239546846,0.44804294966759495,2621.0,7.87533527229939,31.0292487113246,0.489703623860851,,0.008757217880201208,16.5257123925151,,,
178,46.7679878390799,0.98793607871164,11.496971205415,0.855133084653882,6.54481018459039,20.0901877075916,11.1080174276013,2.14895647235623,1505.7433515564724,1576.9999999999982,0.44119121628396696,0.45004485159843866,2600.0,7.6998118368829,30.9381972356616,0.493829564930183,,0.008861108288716727,16.5981613625253,,,
179,45.955376974621,0.975297949945495,11.4865818608207,0.896740932220346,6.81667990767023,20.7008477121763,10.9545145532494,2.2139601092965,1504.0933641166514,1572.0999999999917,0.44309636017246545,0.45206080483289446,2579.0,7.508854712243,30.8513241137362,0.498415760681816,,0.008973996411267839,16.681405413339,,,
180,46.8443184910869,0.970427830133104,11.8076488946768,0.848558326262581,6.35960863185005,19.8858210078082,11.0917906751898,2.19182614299252,1502.4393924118503,1571.4999999999905,0.4453023162538863,0.4540910638908819,2557.0,7.5338808251926,30.6642791111471,0.490385769107218,,0.008864529448792818,16.631454294553,,,
181,45.9807493523273,0.95729706634962,11.7904182821905,0.89047915193999,6.65173007439736,20.5337348725913,10.9348166237048,2.26077457649926,1500.781434670156,1566.499999999994,0.44730773087335846,0.45613588862010823,2536.0,7.37167775209916,30.5317018327842,0.489121538923703,,0.008873757963057028,16.7274988761929,,,
182,45.1394443051628,0.941968726897811,11.7762255199777,0.93394699905808,6.9405969282961,21.18156694519,10.7523791722866,2.33387140313095,1499.1194889360722,1560.7999999999975,0.44931314549283036,0.45819554432577103,2514.0,7.19322439881812,30.4013550754818,0.489709962642509,,0.008916787375136721,16.8357105630576,,,
183,48.0067937645788,0.973235714079306,12.3630680033843,0.830474453076801,5.77996074373277,18.664553765628,11.5693141630179,1.81259939250207,1497.4535530686073,1569.0999999999972,0.45151910157425035,0.4602703019046624,2493.0,7.14050875918972,30.2301664955197,0.483465789748203,,0.008838497070351057,16.8458589555424,,,
184,47.1254623405525,0.960645256924085,12.3597147364455,0.870455362665751,6.06467705675798,19.2943213167348,11.4638005627823,1.86092336713704,1495.7836247390483,1565.0999999999908,0.4535245161937237,0.4623604379838664,2471.0,7.01515414033135,30.082373595069,0.487514429594791,,0.008945218891647552,16.9149578350048,,,
185,46.2434694205451,0.947756415214146,12.3434555218596,0.9136341961932,6.36024213909455,19.9486132076317,11.3264633559031,1.91636574355872,1494.109701428415,1560.599999999993,0.45552993081319526,0.46446623506423557,2450.0,6.87621558016796,29.9432636340874,0.486735168956874,,0.008963815266240767,16.9937856167878,,,
186,45.3992232885081,0.933230361779598,12.326130085994,0.957924927413069,6.64921403210647,20.5941237318513,11.1677503760294,1.97240319631806,1492.4317804245854,1555.5999999999958,0.45753534543266816,0.4665879816688423,2429.0,6.71886599804044,29.8077372516867,0.490068219596466,,0.009058562284592717,17.0833285306764,,,
187,45.6866766604687,0.92574413808279,12.5309844550492,0.938725859855768,6.47432921563884,20.2545587983081,11.2140968506479,1.97488402194861,1490.7498588190838,1553.399999999997,0.459641030783114,0.46872597249661796,2407.0,6.68578273054014,29.6372957351991,0.489605698099602,,0.009085279237327921,17.0773158361612,,,
188,44.8902006344681,0.910466031114345,12.519432182504,0.981940235743484,6.74653055490544,20.8709833041346,11.0516259020493,2.02882115508085,1489.063933503521,1548.1999999999907,0.4616464454025863,0.47088050858138797,2386.0,6.52253366071247,29.501866252149,0.497292268995305,,0.009262288489389167,17.1683078181433,,,
189,46.6136896436521,0.910311996102424,13.003153699472,0.88351123451587,5.95593108053259,19.3201827299778,11.3328760562403,1.98034355950689,1487.374001165676,1549.299999999997,0.4639526722149803,0.47305189745653553,2364.0,6.53358689118246,29.2905080742189,0.487537544398258,,0.009119669741830488,17.1483674902004,,,
190,45.7931412462204,0.896875621166667,12.9998236211123,0.924185014657908,6.22279157894643,19.9281202973125,11.2043798472262,2.0306827733576,1485.6800582852068,1544.6999999999912,0.4659580868344533,0.47524045332552645,2343.0,6.38926441673726,29.1478495227102,0.496446461929922,,0.009321187794403345,17.2264395986226,,,
191,46.1210554512471,0.889943383410595,13.2134434218878,0.904404439293704,6.03728128286199,19.5559858568911,11.2302684731577,2.04761769125,1483.9821011289741,1542.0999999999917,0.46826431364684623,0.4774464972385376,2321.0,6.27911628354792,28.9840755848818,0.49128895757471,,0.009264358996317362,17.2755191739956,,,
192,46.1073014768089,0.880739467598108,13.3588755428761,0.902356264584905,5.98611192769732,19.4811738451849,11.2061859298341,2.07725554541569,1482.280125745967,1538.8999999999928,0.47036999899729354,0.479670357275453,2300.0,6.12952148568732,28.8261663376197,0.492418113363496,,0.009322569355613344,17.3718940633294,,,
193,45.3180634949824,0.868509609029753,13.3659933758877,0.943384559538476,6.23857788451359,20.0646628750682,11.0522297448906,2.14857845608921,1480.5741279618094,1533.7999999999965,0.47257595507871253,0.48191236873549287,2279.0,5.92236523290501,28.6932915816771,0.493060675117292,,0.009373777093484638,17.4912825103006,,,
194,46.4661909578494,0.863381530559221,13.7230707842517,0.878574805773299,5.73777430275114,19.0027256447094,11.2104396338017,2.11784234030417,1478.8641033728325,1532.9999999999955,0.4747819111601326,0.4841728743337553,2257.0,5.86259771983537,28.5010603709986,0.496605344346109,,0.009480819861514111,17.5197365648199,,,
195,45.6702091781919,0.852017003543576,13.736411692711,0.918118409254386,5.98531314688311,19.5778144753374,11.0696617890596,2.19045430501914,1477.1500473396925,1528.099999999998,0.47698786724155284,0.4864522244049699,2236.0,5.66996245559521,28.3652989630993,0.495804311490429,,0.009505450757101793,17.628934269815,,,
196,48.6117735942372,0.872461979823356,14.2530445575831,0.819617302293932,4.90039057355668,17.103885463008,11.7775702349289,1.66125629456891,1475.4319549805111,1532.699999999992,0.4793943647849187,0.4887507771147688,2214.0,5.3837880061753,28.2278167476283,0.489638695721264,,0.009430637436850221,17.8187565504752,,,
197,47.7761012387114,0.862911734690003,14.2742183334938,0.856235063195963,5.14435594829413,17.6666577139855,11.7111887126712,1.70833125495802,1473.7098211635168,1529.3999999999942,0.4816003208663394,0.49106889867879844,2193.0,5.22800069636682,28.0734319119349,0.495757243947752,,0.009589114969975866,17.9028101477505,,,
198,46.9638464983525,0.851966408739967,14.3007135472217,0.893641313470686,5.3848045600031,18.2224562375435,11.6248317151038,1.75773971956473,1471.983640499161,1525.499999999996,0.4838062769477588,0.4934069635900108,2171.0,5.06509442257385,27.9201531066892,0.501779542363165,,0.009747077357481834,17.9929729283738,,,
199,46.1762534191791,0.840857480489741,14.3199064008821,0.932486949968572,5.62418079514985,18.778182492842,11.5182461726517,1.80988628883702,1470.2534073316817,1521.299999999998,0.48601223302917906,0.4957653548544898,2150.0,4.8968491595908,27.7737715139231,0.506869542314675,,0.009888208004578136,18.0825097841714,,,
200,45.7059537788874,0.83066863932944,14.3895453554384,0.954835090668096,5.754808312201,19.076664304339,11.4261303133894,1.86139420574733,1468.5191157300849,1517.0999999999917,0.4885190013035198,0.4981444642361839,2129.0,4.78301889164553,27.5852560053325,0.49453034327275,,0.009694772461728096,18.1471947597492,,,
201,46.0812917387241,0.821890859858026,14.6082156826765,0.931220395179711,5.55884243566337,18.669174505794,11.4583691652212,1.87099521688306,1466.7807594785127,1514.1999999999925,0.49082522811591317,0.5005446925109356,2107.0,4.66930377808941,27.415436038557,0.499042275768564,,0.009827535954481374,18.196217907585,,,
202,46.4263755737786,0.812664184138246,14.8122221140933,0.908282306727122,5.38443278903314,18.2951153487413,11.475269263645,1.88563841984323,1465.0383320659607,1511.1999999999935,0.4932317256592806,0.5029664497302146,2086.0,4.58290008655183,27.2042330353376,0.494003139734118,,0.009774498213971479,18.2588637383764,,,
203,45.6393336077086,0.79961268158259,14.8378271005563,0.945497940636015,5.62584343531653,18.8496748286838,11.3659491275121,1.93626127800416,1463.2918266753109,1506.5999999999958,0.4955379524716732,0.5054101554949907,2064.0,4.44325005061468,27.0057965776655,0.501285701304349,,0.009963937612887074,18.3596676704155,,,
204,46.0118021857648,0.790159454196432,15.0464463333673,0.920430348120925,5.44037285644232,18.4491584211045,11.4004367552281,1.94119364577564,1461.6882863797653,1503.7999999999975,0.49794445001504006,0.5080519572086036,2043.0,4.35212402764342,26.7882268098883,0.506633579142537,,0.01011850567490586,18.4230155833258,,,
205,45.7722089201552,0.777365233672765,15.1515460849692,0.929956633730805,5.483766091011,18.5553542915538,11.3978383381166,1.93196440679068,1460.8167909424456,1500.3999999999905,0.5004512182893811,0.5115957069272832,2021.0,4.19375601411765,26.5677674908342,0.558533492225074,,0.01121102955088466,18.4999430028231,,,
206,48.567403351813,0.790957228175029,15.578399422864,0.840072159181413,4.48237719028911,16.2623713782694,12.0973595907536,1.38105967865435,1459.9427057700566,1503.399999999996,0.5036598816805378,0.5151632111041095,2000.0,3.78418830709044,26.3539853437327,0.58028803718634,,0.011722990650229099,18.7815383119905,,,
207,46.1674126345306,0.782256779371538,15.3744581870329,0.957561342378975,5.28185714208482,18.0453791094805,11.9360136544363,1.45506115068443,1459.0659858375702,1500.099999999998,0.5067682743407201,0.5187542902537963,1979.0,3.6179965344033,26.1234762893302,0.590691441414983,,0.012008364330453002,18.8578357348515,,,
208,47.463646911313,0.79944015011411,15.5873121809313,0.941608156497426,4.79303236636686,16.8870924427988,12.5695398958822,0.95832789609628,1458.1865905464174,1502.399999999995,0.5101774791938245,0.5223687794543935,1957.0,3.18860254003721,25.9354721362379,0.595958910330169,,0.012199772985264493,19.1299664133946,,,
209,46.0105419355077,0.787574917851442,15.5150363617516,1.01916464502197,5.24523387580293,17.9779843808746,12.4524307225479,0.992033160641858,1457.3044812446246,1499.0999999999972,0.5135866840469275,0.5260065257547102,1936.0,3.03121172459252,25.6959192670375,0.611865196491996,,0.012613176592290188,19.1710038118779,,,
210,46.2726249738792,0.778098608360468,15.7159233885925,1.00232675619163,5.08069864776237,17.6788226999596,12.4586872705911,1.01281765466315,1456.4196203006607,1495.3999999999905,0.5172967010929514,0.529667387411216,1914.0,2.8587729246393,25.4089591565758,0.606644150542853,,0.012601664946881046,19.265623768242,,,
211,45.5435739901452,0.767097522920226,15.754759943695,1.04254799143561,5.27808328802832,18.2021384290071,12.3586968515794,1.05310198318917,1455.5319706158484,1491.3999999999942,0.5209064474080015,0.5333512336438093,1893.0,2.68146904400904,25.1338771774132,0.597673604111677,,0.0125088657202109,19.3669801744661,,,
212,45.7698592840854,0.755849489411527,15.9482943889897,1.02439823963761,5.12613393415169,17.9310798230987,12.3828930387457,1.06149180187971,1454.6414953215162,1487.8999999999965,0.5244159229920787,0.5370579446155066,1871.0,2.57367171759911,24.8308036760606,0.606948406395281,,0.012796719510758616,19.418576199945,,,
213,46.0396116316738,0.746488849564366,16.1452456211124,1.00665874865881,4.96135279217429,17.6279006999367,12.3903926341515,1.08234902272815,1453.74815756955,1484.2999999999988,0.5281259400381033,0.5407874115312771,1850.0,2.40781692334344,24.5432896463755,0.605762313395123,,0.012872127356462463,19.5031311168859,,,
214,46.3123951091371,0.736730673361428,16.3411905943383,0.988916829116808,4.79846559092239,17.3255654287556,12.3933872720188,1.10334850234961,1452.8519203756366,1480.5999999999922,0.5318359570841268,0.5445395368100949,1829.0,2.24402129920922,24.2553401317903,0.605905734721124,,0.012977205712596347,19.5847328342794,,,
215,45.5840589697528,0.725247076044511,16.395797163415,1.02707312638917,4.98393367284494,17.8369181336848,12.2991985574738,1.14777330039494,1451.952746494432,1476.399999999995,0.5354457033991775,0.5483142343073718,1807.0,2.08644682459397,23.9725694641943,0.597108442499856,,0.01288815977767873,19.6738752687119,,,
216,45.1496671543332,0.713647231162726,16.4805651759559,1.04906814224357,5.07246934933363,18.1198213215932,12.2450422214016,1.16971940397607,1451.0505983149885,1472.4999999999977,0.5390554497142287,0.5521114295754032,1786.0,1.98306099857574,23.6816920775632,0.606301402041428,,0.0131890668270922,19.6989455218196,,,
217,45.4184746403419,0.703418814449647,16.6883162747854,1.02913965585274,4.90526151208592,17.8064911252157,12.2562611822528,1.19263679501584,1450.1454377694001,1468.6999999999912,0.5427654667602527,0.5559310601547816,1764.0,1.83341439956741,23.3856545929618,0.60635919299409,,0.013297350723554605,19.7745718144767,,,
218,45.6949771375319,0.693314911012456,16.8880817222285,1.00946179269017,4.74033848442966,17.4949780976478,12.2659632507644,1.21288460369507,1449.2372262501442,1464.9999999999936,0.5464754838062773,0.5597730758926442,1743.0,1.67953979236723,23.0909768987359,0.61195681942613,,0.013529887672476908,19.8475264894707,,,
219,45.458096124449,0.681533723744855,17.0178454624251,1.01557947873115,4.7588660508841,17.6008983256962,12.2183358476342,1.24884498643531,1448.3259245330705,1460.7999999999965,0.5503860423142485,0.5636374392853376,1721.0,1.56720268322449,22.7372336622043,0.602656543670693,,0.01344015485438655,19.9269518359564,0.00595527494411194,,
220,45.9444768220335,0.670829854896398,17.2478063735124,0.980927624536371,4.52728453453542,17.1201474154673,12.2388638559668,1.26966351905175,1447.4114927038827,1456.99999999999,0.554096059360272,0.5675241258441356,1700.0,1.43570850428172,22.4172472188296,0.601563609958716,,0.01352740296736485,20.0019601808401,0.0135204860899468,,
221,46.4191031979319,0.655898773551303,17.4619129518459,0.932241091311018,4.32004712596972,16.664293257314,12.2682991706055,1.27820443147068,1446.493890086522,1453.1999999999925,0.5578060764062965,0.5714331244833657,1679.0,1.36542962568956,21.9260577379044,0.602228508215092,,0.013655975242972594,20.1494971218406,0.056787006350392,,
222,46.9095366210011,0.63888229570732,17.6756886352006,0.876939306617315,4.11925025102655,16.2014469602261,12.297377406745,1.28087852347598,1445.5730751722276,1449.0999999999963,0.5616163641832954,0.5753644379307558,1657.0,1.32956420732358,21.3515267424483,0.603067591422027,,0.013793860737008869,20.3108334792529,0.125007979553146,,
223,47.3797318172505,0.622440785678022,17.8754008291627,0.826687030234857,3.93188375749802,15.7655491624007,12.3169488560402,1.28135776173492,1444.649005548292,1444.99999999999,0.5654266519602925,0.5793180831601856,1636.0,1.28903835198146,20.7803982495027,0.607684575648332,,0.014021333079103176,20.4701460512211,0.192732771646431,,
224,47.3061810298399,0.639239077992104,17.7953130620133,0.885178782831435,3.95934337612889,15.6959574898456,13.0639663560801,0.654820825268764,1443.7216378256906,1448.399999999995,0.5694374811992378,0.5832940918472737,1614.0,0.881725442317784,20.4965579725379,0.605009731033565,,0.01408965372691115,20.7606350011828,0.196071852927975,,
225,47.7724151319587,0.622660419386214,17.9895745332364,0.835914301522325,3.77569916912677,15.2695741664536,13.0777476857946,0.656414592521424,1442.7909275648663,1443.8999999999983,0.5732477689762369,0.5872925108484526,1593.0,0.851920907389045,19.9279098873047,0.60633772062602,,0.014246656969596367,20.9104499992936,0.263381485386539,,
226,48.2124938080035,0.605012966882305,18.1670252492411,0.778945177320716,3.6478855952341,14.8498611590157,13.0850025678337,0.653773476468819,1441.8568291990262,1439.0999999999926,0.5770580567532334,0.5913134027043697,1571.0,0.881000718571466,19.2241482641453,0.60332967608125,,0.014303690755838063,21.0977778999056,0.373743441296422,,
227,48.6269467902561,0.58799302867696,18.3304820616736,0.727270276466663,3.53216076303407,14.4591768623353,13.0887497109914,0.647220506565901,1440.9192959543384,1434.399999999996,0.5808683445302321,0.5953568461685879,1550.0,0.901970682952222,18.514162587155,0.611100135559108,,0.014619620467921259,21.2876418957756,0.485124698558031,,
228,49.0322619630583,0.570364177356591,18.4867416146658,0.674416381219679,3.42711972682617,14.080811021624,13.0902329999869,0.63805211526261,1439.9782797664425,1429.5999999999904,0.5847789030382026,0.599422936762734,1529.0,0.955123458360191,17.7251170069807,0.618013305270225,,0.014924252723260664,21.491147815523,0.62059841386594,,
229,49.4593529228732,0.552495393519487,18.6493867053185,0.62445447292746,3.31939111319396,13.6869762876287,13.0741570410942,0.633786063444467,1439.0337311926858,1424.2999999999943,0.5887897322771483,0.603511787359352,1507.0,1.03987788567464,16.9013167409672,0.605844741709634,,0.014773097822717237,21.7106005698087,0.75236006183983,,
230,49.8486980512933,0.533613793688864,18.7933390693788,0.57268054059202,3.22947757175708,13.3315881306614,13.0718316119691,0.618771230659442,1438.0855993194914,1419.299999999998,0.5926000200541466,0.6076235287938785,1486.0,1.13943203729744,15.9767706269171,0.616287935681562,,0.015168297703213452,21.9729621973043,0.924547202799556,,
231,50.2558031271486,0.515567912515997,18.9425242132842,0.527211289970468,3.1382833039461,12.9613572253018,13.0529059658605,0.606346961972342,1437.1338316642357,1413.799999999993,0.5967111200240652,0.6117583105072719,1464.0,1.25042389049793,15.0499742487972,0.619355440159228,,0.015399190456470124,22.21638106109,1.08386535945562,,
232,50.6297151081861,0.497102082285549,19.0766250528546,0.481311968806667,3.06450089037928,12.6230673666228,13.0358234590252,0.591854071839832,1436.1783740709836,1408.4999999999968,0.6007219492630101,0.6159163012209832,1443.0,1.40473870336574,14.0077112592881,0.618001477563023,,0.015519876382798168,22.5128699491411,1.27667861064204,,
233,51.0245789974548,0.478992883576984,19.2171088230682,0.43969125338861,2.98494106103528,12.2708422004663,13.004009283192,0.579835497817712,1435.219170599384,1402.699999999992,0.604732778501956,0.620097689646087,1421.0,1.56439875789466,12.9683578606439,0.610006518161047,,0.01547454383970188,22.8093752819014,1.46786158139892,,
234,51.3879822943543,0.461854903345832,19.3441174232367,0.402744878276409,2.91830340871747,11.9466032687271,12.9748911302516,0.563502693090575,1434.2561634059725,1397.0999999999963,0.6087436077409007,0.6243026852285547,1400.0,1.71745480650465,11.9067237737925,0.617563173445891,,0.01582683683869532,23.1148317691321,1.66342647712484,,
235,51.739669741971,0.444955978672353,19.4652925388794,0.367435284468875,2.8614044979089,11.6325555675419,12.9421985587612,0.546487831796327,1433.2892926170703,1391.3999999999915,0.6128547077108197,0.6285315189327979,1379.0,1.90153819632519,10.7677291155601,0.622530677431252,,0.016123560669030118,23.436050868777,1.88215114190641,,
236,52.1281763079867,0.429660138420726,19.5994401862178,0.338433279371317,2.78836756047396,11.296245304444,12.8796788133014,0.539998409784046,1432.318496192379,1384.9999999999964,0.6170660784117121,0.6327844440657965,1357.0,1.99596832916365,9.74197178075277,0.615439152863146,,0.016115191224486694,23.7654182623729,2.07120247484748,,
237,52.4778500509206,0.414632477630232,19.717822217536,0.310576678781224,2.73391939565544,10.9911162932568,12.8258028524191,0.5282800338006,1431.3437097782974,1378.899999999992,0.6211771783816307,0.6370617371442945,1336.0,2.17831513210465,8.63020724791942,0.606693512452489,,0.016058589530240586,24.080922919436,2.28386118808742,,
238,52.8365805700659,0.399482355023404,19.8376814563652,0.284788944619815,2.68005071807058,10.6801140269974,12.7684660045485,0.512835924309263,1430.3648665498727,1372.399999999997,0.6252882783515499,0.6413636988077525,1314.0,2.36328705506399,7.48007983342979,0.612370687721323,,0.016386692205547875,24.4108394519853,2.50342297179953,,
239,53.1764991360048,0.385914616492346,19.9504332113236,0.262582445321341,2.63190684630689,10.3881050749047,12.702325543402,0.502233126244373,1429.3818970401858,1365.9999999999927,0.6293993783214681,0.645690654779949,1293.0,2.54150458860383,6.3686400438106,0.604182082865176,,0.016346917826438753,24.730046117192,2.71562716752838,,
240,53.5054548884366,0.370861524976274,20.0571363437905,0.239209287847639,2.59746363783993,10.1007195013215,12.6477404107963,0.481414404991141,1428.3947289558357,1359.3999999999978,0.6334102075604134,0.650042956882363,1271.0,2.77206878926544,5.04906322773478,0.625282498996842,,0.01710291299225499,25.1349115939807,2.9786738900222,,
241,53.8123612571041,0.357631176419616,20.1563993480541,0.218612929996798,2.57488464426201,9.83119133340259,12.5781180102523,0.470801300508427,1427.4032869770322,1352.8999999999937,0.6378221197232521,0.6544209841027065,1250.0,2.97823437934634,3.70394646097042,0.612517231856146,,0.01695784141351453,25.5792272469887,3.24607468083847,,
242,53.7770801582421,0.341324471591227,20.1299566870734,0.187978144990295,2.80188288641965,9.70013502974634,12.6951296137837,0.366513008153277,1426.4074925406283,1349.1999999999962,0.6420334904241444,0.6588251437222586,1229.0,3.32981166139953,0.253756113450078,0.698042435782419,,0.01955300940566995,27.026446837585,3.84715426542914,0.544788686353924,
243,53.5603655980749,0.348270496102226,20.0730818995571,0.188912867541444,2.87226378260816,9.827931252285,12.7251334124757,0.40404069135548,1425.4072636042233,1347.7999999999965,0.6471472977037999,0.6632558725059278,1207.0,3.32400079207537,,0.652003295829932,,0.01852808456464709,26.9049963774125,3.99001254748728,0.318986987194969,
244,53.3679689719624,0.355544498281068,20.0256916130604,0.191667666640895,2.9175281550689,9.95302479423088,12.7337732727985,0.454801027956931,1424.402514389231,1346.299999999997,0.651860022059561,0.6677136379593178,1186.0,3.31838477489233,,0.615089490779932,,0.01771571113997501,26.6639510950726,4.07053640339212,0.0520382358629998,
245,51.8995574191925,0.394632313605002,19.5657842191609,0.215359886219076,3.3910003229437,10.9767508473144,13.0390690095262,0.517845982038134,1423.3931551005412,1355.5999999999967,0.6562719342224005,0.6721989396573966,1164.0,3.03221909451288,,0.548679458398883,,0.01600581850638515,26.4802690915861,4.21883235550214,,
246,50.2208576063704,0.438317507602428,19.0088515884535,0.247099585395248,3.98644711473175,12.2188039641179,13.3192187461835,0.560403887145218,1422.3790916200926,1364.399999999997,0.6599819512684251,0.6767123106497656,1143.0,2.66097790235559,,0.569173286208444,,0.016784821179842067,26.3234390064825,4.35640980495344,,
247,48.8382532651437,0.475508639936653,18.527606936377,0.278889729224902,4.48658395824382,13.3237190672105,13.4659380275291,0.603500376334329,1421.3602251713203,1369.0999999999917,0.6639927805073703,0.6812543189479476,1121.0,2.30319961878346,,0.581170431091111,,0.017343194004509448,26.1847081607051,4.44092178942029,,
248,47.8970285220975,0.503614835614961,18.1882818938633,0.30559163345741,4.83636081338736,14.1144575150555,13.5075661423399,0.647098644184078,1420.336451951026,1370.2999999999988,0.6682041512082622,0.6858255691005745,1100.0,1.91049085241365,,0.586977723977028,,0.017738825142853663,26.1160117624995,4.47651966110984,,
249,47.5131612454317,0.520897033595157,18.0548186993149,0.323164300850861,4.94869334857824,14.4491317020289,13.5083514071586,0.681782263041698,1419.307662724742,1368.5999999999904,0.6724155219091554,0.6904267038628604,1079.0,1.5525241308053,,0.598043260051018,0.0756792401880626,0.018305578820049566,25.9861884807292,4.45756488822635,,
250,47.7223904171533,0.527363734083422,18.1532773883142,0.329121426592097,4.79708716302126,14.2682380047132,13.4912640403356,0.711257825786839,1418.2737423811022,1364.1999999999935,0.6767271633410207,0.6950584059673157,1057.0,1.24869087103511,,0.603157533602436,0.246278210577579,0.018708360223400614,25.7520459795296,4.38982740525528,,
251,47.9268617690832,0.53402322958268,18.2486139559404,0.33535666368776,4.64974025951906,14.0939498800596,13.4685524961112,0.742901746016042,1417.2345694400876,1359.8999999999965,0.6810388047728873,0.6997214000032768,1036.0,0.949746925950368,,0.607343476399883,0.416612233499049,0.019092847419046956,25.5143004638049,4.32199690034576,,
252,48.1440728783951,0.54062745811058,18.3486401523406,0.341490798992933,4.49878904367363,13.9088081674492,13.4395766165796,0.777994884458311,1416.1900155092512,1355.2999999999906,0.6853504462047532,0.7044164544135141,1014.0,0.657631916730135,,0.609439989303132,0.586539031261337,0.01942128710335031,25.2717539961897,4.25463506651566,,
253,48.3617529807732,0.547927707795056,18.4485243195199,0.347647983128656,4.34995698811466,13.7259265463655,13.3956746054561,0.822588868846969,1415.139944681142,1350.699999999994,0.6897623583675928,0.70914438361695,993.0,0.381660111904517,,0.600078368917161,0.774234689434053,0.01939490526558376,24.9926760129266,4.19135081681764,,
254,48.5866039038778,0.555100156028739,18.5499266843899,0.354307260536319,4.19908591213758,13.537248944275,13.3545708851853,0.863156253569347,1414.0842128640982,1345.8999999999974,0.6941742705304318,0.7139060502673571,971.0,0.100534712450743,,0.603485469167637,0.96624216609501,0.019786408825168394,24.7035398550882,4.12619779719846,,
255,48.9122647629557,0.54840437312042,18.6162566939835,0.37520534556574,4.17508203722486,13.8425729816187,12.6276752112437,0.902538594287392,1413.0226670373486,1346.1999999999962,0.6985861826932722,0.7187023676588765,950.0,,,0.606106255211183,1.18646484376785,0.020163215409553684,24.2347068613319,4.03272203968903,,
256,49.3231297240312,0.533199093623691,18.6569135925272,0.40967858396314,4.23874894504091,14.5396321319108,11.3591414075816,0.939556521321388,1411.9551444198967,1350.0999999999917,0.7029980948561114,0.723534302290232,929.0,,,0.611176167359463,1.4247708439022,0.020633901666423465,23.6621107189303,3.92194226980804,,
257,49.723821564186,0.523297821620804,18.7079958847953,0.444959781880191,4.26890569292275,15.1271559124381,10.2237178109429,0.980145531213988,1410.8814715409237,1352.3999999999978,0.7076105484808982,0.7284028766007206,907.0,,,0.608318232610756,1.67693433029312,0.020861393436582835,23.0647452689346,3.81000216816155,,
258,50.1410988112547,0.513027608344113,18.7485185309847,0.487373786910958,4.31792381052356,15.8362480213839,8.93406777143848,1.02174165915957,1409.80146319738,1355.499999999994,0.7122230021056859,0.7333091718923935,886.0,,,0.606055535838503,1.92958437587058,0.02111691762503499,22.4670985829092,3.69726150538166,,
259,50.5374883139026,0.506836589756493,18.7987721617754,0.528959992626744,4.32457259883822,16.4064224233934,7.84246958050852,1.05447833919858,1408.7149212819425,1356.9999999999918,0.7167351849994986,0.7382543314543372,864.0,,,0.608465299493803,2.20096426749773,0.021538594672347006,21.8473916945171,3.59317873849137,,
260,50.9419661292796,0.500898708542234,18.8426110203806,0.576229046807118,4.34547963853744,17.0422311262299,6.65803521313543,1.0925491170878,1407.6216334615408,1358.7999999999984,0.721447909355259,0.7432395639066811,843.0,,,0.606126047820501,2.45715402809653,0.021818792218160573,21.2257748340038,3.49094509007918,,
261,53.8972120835516,0.567172779512296,18.7613364164197,0.91935539092263,3.29363794372425,20.6059439255771,1.95534146029238,,1406.5213716830426,1364.5999999999922,0.7261606337110194,0.748266146783882,821.0,,,0.755378298899512,2.710239198686,0.027659403108733462,,3.47350909314243,,20.3708734092721
262,54.176622244175,0.587930751465439,18.8537951899876,0.840664811425921,3.22109964370814,20.3578382220977,1.96204913714028,,1405.413890478317,1359.599999999995,0.7323774190313841,0.7533354303790359,800.0,,,0.585432641325222,2.97953503097242,0.021934531334777845,,3.39707503499132,,19.7279572927111
263,54.3690236167085,0.601906268863769,18.9232227417233,0.872065684887774,3.17795786530819,20.1577149095658,1.89810891294273,,1404.2989250355652,1354.4999999999986,0.7367893311942247,0.7584488418734989,779.0,,,0.625611936161242,3.29497227158148,0.023832835663285434,,3.31763672402605,,19.0117790682312
264,54.6089761463285,0.613495929708852,19.0049801456993,0.899460436128146,3.09009198042392,19.9616957974183,1.82129956429301,,1403.1761889972734,1349.0999999999935,0.7417025970119319,0.7636078897789718,757.0,,,0.852586694337202,3.74497041159367,0.03309730956277953,,3.21421709921837,,17.9482257948508
265,54.8473474526425,0.650188551067825,19.0917296092395,0.830013793173294,3.02963974070474,19.6853583102516,1.86572254292063,,1402.0453719371012,1343.6999999999975,0.7489220896420338,0.7688141687225577,736.0,,,0.505210550526193,4.03219438175241,0.020176140196732972,,3.15413773071387,,17.3484573370075
266,55.0971056412858,0.658381577207134,19.1695640206406,0.850178809326242,2.9743514730654,19.501749277653,1.7486692008217,,1400.9061364580555,1338.1999999999925,0.7526321066880578,0.7740693646091585,714.0,,,0.799787090758518,4.50072908733972,0.03241941997399747,,3.05779630948487,,16.3116875124169
267,55.3715485491831,0.693816609196171,19.2602939096963,0.765682374430548,2.90719304247886,19.2448471632827,1.75661835173233,,1399.758114841896,1332.6999999999966,0.7593502456632915,0.7793752602000934,693.0,,,0.582905292922266,4.82475006362134,0.024287720538427805,,2.98409188191464,,15.6082527615417
268,55.5777244715434,0.715270485808489,19.331019827019,0.801242609512884,2.86795301976372,19.0419988436799,1.66479074267267,,1398.600905164164,1326.899999999992,0.7639626992880775,0.7847337411521054,671.0,,,0.70403728699351,5.24640308143299,0.029908126040505894,,2.89639293499554,,14.693166696578
269,55.7359847865932,0.754205241234349,19.397621954233,0.858671996891487,2.79856249381087,18.831274036237,1.6236794910002,,1397.4340667696117,1321.0999999999954,0.769778401684548,0.7901468025671571,650.0,,,0.557455387597174,5.5637887790866,0.024279415836113833,,2.83637748119474,,14.0023783521215
270,55.9409905569269,0.777747667456748,19.4642800622382,0.896929226125802,2.76169633066166,18.6542324979342,1.50412365865651,,1396.2571149778878,1315.3999999999905,0.7741903138473875,0.7956165561108254,629.0,,,0.786926844372585,6.08291943724884,0.03494346555828523,,2.73033135449112,,12.9198223638875
271,56.4083193663558,0.685465944411282,19.5856878990789,0.791148860951291,2.6833163494657,18.3832027047778,1.46285887495921,,1395.0695148574464,1309.499999999995,0.7811089942845683,0.8011452377659449,607.0,,,0.781149685337807,6.59021189493884,0.03578331128437043,,2.63345404357737,,11.825184376146
272,56.7018226125254,0.737552748770516,19.6776396143375,0.689942793469761,2.61412890993802,18.1371402363555,1.44177308460336,,1393.8706738645171,1303.4999999999905,0.7878271332598018,0.8067352162988295,586.0,,,0.511474851744774,6.91158587517557,0.02417177938302338,,2.57037785041953,,11.1665614226601
273,56.9340567589215,0.765665486445788,19.7484063682242,0.729189899262646,2.57086214927014,17.9637805311635,1.28803880671224,,1392.659933090486,1297.1999999999953,0.7918379624987464,0.8123890025283459,564.0,,,0.673135886237268,7.36782495731806,0.032424657333201705,,2.48423212588029,,10.2348070305644
274,57.0896916958206,0.815107457057578,19.8042490431591,0.787228747948188,2.5581058996507,17.7852598375932,1.1603573187706,,1391.4365567908478,1290.99999999999,0.7973528527022964,0.8181092595039992,543.0,,,0.903602122434979,8.01765221911893,0.04471064435601088,,2.36374447368763,,8.92500118475844
275,57.546982685866,0.730587418230316,19.9234741919457,0.683683323467642,2.48973363976294,17.499953499262,1.12558524146537,,1390.199719775908,1284.499999999995,0.8054747819111601,0.8238988137188425,521.0,,,0.595474775394445,8.45361196161468,0.030694576051260046,,2.28925665308455,,8.06165660990633
276,57.7366825444075,0.778320159400143,19.9807248114277,0.735681082058749,2.48133340088635,17.3469671918104,0.940290810009175,,1388.9484921189621,1278.0999999999908,0.8104883184598417,0.8297606675075796,500.0,,,1.1248018878031,9.32708065497182,0.059513327396989425,,2.12822309451532,,6.31989436270976
