,La,Ce,Pb,Nd,Sr,Ti,Yb,K,Na,Na_new
0,51.111370484026246,104.7359452455365,1.6003794689470774,58.46102151016907,1275.5538691252273,2.8170277498866496,2.18365932112722,3.5341046958500524,4.680828334800175,0.5334489114848397
1,49.99093424134622,103.36196599429192,1.579384879369486,58.068555685990695,1261.6974376636176,2.797699933310928,2.1690617601769064,3.485783319771551,4.647914941386724,0.5398888343012606
2,49.02977830987111,102.60821230165615,1.5678674205686,58.097851542517134,1257.7284805908916,2.780531394008228,2.152867728237396,3.4627140775125658,4.642779394644705,0.5522509371747122
3,47.419742718039814,100.95987114549295,1.5426805438190774,57.844541211859266,1244.033079486443,2.7524369681744094,2.1295623472572487,3.4072041332913385,4.614475430008482,0.5629742637071974
4,45.83754806908066,98.89598818949624,1.511144131927786,57.34041528718556,1223.4904906238644,2.722571972135635,2.1119888202857147,3.3354939090242754,4.566259908474369,0.5700863695795659
5,43.62451606369033,96.109803396701,1.4685708498647008,56.70007668175869,1196.1635326819855,2.68194227966638,2.0872325292712666,3.238429397870957,4.503327056302962,0.579281119450284
6,40.73821075142804,92.36636759841366,1.4113706424205823,55.786407928728075,1157.7999058913338,2.632596753681378,2.0611889314984673,3.105252438588612,4.415379205244559,0.5881686865602606
7,37.692085836141885,88.25915511852769,1.3486118778722394,54.733481222223965,1114.49439194608,2.5805853818786284,2.036368684589555,2.9578208392669874,4.315078058907828,0.5964162725176209
8,33.34979258295083,82.3960168028463,1.2590223280570743,53.30303152112083,1053.838898875251,2.501876500127137,1.9931926761295822,2.7487695038604856,4.176495125225883,0.610455488506544
9,30.133069737930676,77.38616176690442,1.1824710626521895,51.7238382999065,995.0298985731175,2.4500503732301344,1.9825119352702594,2.5627696104042625,4.034871595414937,0.6108195217933098
10,27.253494993942798,73.32033160155164,1.120344625490602,50.8301568815456,955.0708813722009,2.3829134710780187,1.9368395722541252,2.42261205943912,3.9418903751475693,0.6308237201942395
11,24.33626109539288,68.33646788344069,1.0441905109524041,49.11819734143751,894.1766935933257,2.331172399983986,1.9301711265612982,2.2367810254911267,3.7894544397320944,0.6287623066245092
12,23.178839058096468,66.63990569938909,1.0182668103472017,48.72997383371145,877.0312636430309,2.304020977986128,1.9122480563865654,2.1776851421205543,3.7495499860490424,0.641170442896726
13,21.38106045930422,63.5454797550239,0.970983561621757,47.781587368420986,842.1268778122309,2.2601423019848443,1.8917462797176545,2.0678615782246936,3.661450844988736,0.6503814575644532
14,19.21289887024625,59.682919249332095,0.9119631124685715,46.54461397031865,797.4925632070848,2.2066806714928355,1.8692018832637514,1.9298046651502658,3.547367824912668,0.6592760454920773
15,17.154128174817554,55.85412808240584,0.8534586633983912,45.281194371446304,752.7513871354175,2.152490102805455,1.8465663736980544,1.7933344568058536,3.431193442295442,0.6686061053147153
16,15.210564238581151,52.05128455229951,0.795350697743116,43.96785274715229,707.5677624583897,2.0976758199549193,1.8244605269586534,1.6580515549993164,3.311278986946741,0.677605083741697
17,13.428737142679001,48.36974017586036,0.7390961996311426,42.63759196384487,663.0024190614074,2.0445445783843588,1.8048773983174435,1.527259599492735,3.190831151233018,0.6859588047510209
18,11.82291187660338,44.87167228147226,0.6856452470853143,41.31458566570189,620.1674084462172,1.99195605474435,1.7850995768508122,1.403759258958691,3.0720889704483296,0.6942795035540698
19,10.36693618518102,41.53988333771042,0.6347350594896325,40.01477907451811,578.9884964989245,1.9397160772325606,1.7655999108100033,1.2869082656850004,2.9551064348027496,0.7033415150748134
20,9.061003607932296,38.36934384463379,0.586288785401874,38.70512878291539,539.2103923344025,1.8882843395334774,1.7463338521523981,1.176361630042257,2.83903834696846,0.7117288651531306
21,7.904127742207402,35.42040396968766,0.54122858357757,37.458809496151275,501.9992489875318,1.8380583948508946,1.72735327732922,1.074425292285033,2.727958310396327,0.721600312707146
22,6.835422024167573,32.52390352213321,0.49696966332631354,36.16145847091214,464.88815639301845,1.7870274782188678,1.7080326223858908,0.974930612293566,2.6141518339957037,0.7309068985297281
23,5.888352876269189,29.76003734373822,0.454737412722655,34.819736417867105,428.64765737993145,1.7376564036927018,1.6906110466685889,0.8804909849468203,2.4994454726631963,0.7375101032954545
24,5.053195671261391,27.178089647246953,0.41528490123127737,33.51409439091113,394.5260366668115,1.688652390700379,1.6730314200104397,0.7932590791710483,2.387776848621359,0.7448631290800906
25,4.309433871670924,24.725830604243374,0.3778140499799494,32.20296986446769,361.7091554416439,1.6399956972116776,1.655729087430704,0.7112256508658351,2.276904921404866,0.7517911617250876
26,3.6651736776699595,22.461352589430216,0.34321251834443434,30.930180256761478,331.1209076684661,1.5923590588533092,1.638481018331274,0.6363927971253954,2.169943516037481,0.7590587041782453
27,3.106895284198191,20.365032440441396,0.3111804617384931,29.686769080867922,302.50082688165406,1.5454591382826441,1.621367495465224,0.5679688687510741,2.0659465802013917,0.7664142467924487
28,2.624773339972186,18.429937479413528,0.2816119479027531,28.477733000460326,275.8332332265642,1.4994698747717734,1.6042839261586244,0.5056324490780173,1.9655074579167615,0.774142870834788
29,2.195896732417742,16.560171400645462,0.25304166826113583,27.202683335274653,249.52408154846245,1.4539170532230148,1.5884707346939735,0.44602619154360246,1.8626205723326015,0.7783344551203899
30,1.825455120872658,14.82297841672576,0.226497123515334,25.94017402132813,224.8346179366571,1.4084806926536022,1.572487075952991,0.3915321886546601,1.761573740061336,0.7820428006987324
31,1.5147495883514395,13.25425488205697,0.20252681483618443,24.72788868803394,202.34609059529,1.3643706782860028,1.5567262615366557,0.3431674612271834,1.6653118197762211,0.7872107108780801
32,1.2501229687812676,11.817062669206612,0.1805663226194557,23.554712693302235,181.5804114910263,1.3210066168443413,1.5414984939023166,0.29963255773308173,1.5723752986006565,0.79289250581099
33,1.0288307956077853,10.52177250439695,0.16077411297041164,22.43055077537202,162.73653630633504,1.2785246305377205,1.525759210493452,0.26113452756158223,1.4840167356723992,0.799279126432848
34,0.8484201885562769,9.383963031433067,0.14338822968233877,21.39022448637552,146.07594481471486,1.2380200583860694,1.5107728397814932,0.2279639739062284,1.4020499085574054,0.8070302123294708
35,0.6945240816734868,8.333631318963102,0.12733901845614237,20.365804640595567,130.5544758938334,1.1978365069920005,1.4957234771671026,0.19790399397719644,1.3221158422836927,0.8148208513428028
36,0.5659914552360535,7.380407031793204,0.11277362187799451,19.366627873636403,116.32413903331471,1.1583640648035416,1.4806279541345602,0.17115318832806073,1.244996683665007,0.8222391379770013
37,0.46092345387833283,6.533860365619225,0.09983827383798466,18.41736139822691,103.58785753831798,1.1203872026143205,1.4655955843191062,0.1478922445194993,1.1725338258513667,0.829998957496478
38,0.3737948917396574,5.770581143547108,0.08817526365352112,17.50082127147858,92.0075660970948,1.0832885035613422,1.4505908932125882,0.12736034819317057,1.103243028279616,0.837940062902064
39,0.3012587655783824,5.078200824111991,0.077595598331083,16.608789561889274,81.41239129046717,1.0468055043220015,1.4355801907791461,0.10914127606453268,1.0364820878343255,0.8459702384596317
40,0.24163050706532643,4.4564562095216225,0.0680952561726563,15.746579908324215,71.81260021807825,1.0109446842740453,1.4205820608822541,0.09315733536426683,0.9723828996174462,0.8540507044690849
41,0.19142739409444307,3.875419528676943,0.059216936770954916,14.850612101299337,62.682742491213304,0.9754376277590723,1.4066202266938783,0.07855372761108856,0.9077243649218069,0.854627863493215
42,0.15027748219139753,3.3508695447130057,0.051201741769808184,13.964568854663664,54.387769000291776,0.9399784252396717,1.3912858177480454,0.06574594036376476,0.845167030092493,0.8538973567742421
43,0.11787492106681165,2.8968457215126966,0.0442641960842347,13.138662594663245,47.16490459436706,0.9060074850408919,1.3772724978182411,0.054985092144644664,0.7867781590927285,0.853707481622749
44,0.09211008245756648,2.498643062626203,0.03817960537119831,12.349462158504524,40.797760256615284,0.8730359807410818,1.3629857682272226,0.04583408246524101,0.7318463771141598,0.85318555369472
45,0.07145828338455423,2.1460874143986444,0.03279250718096398,11.590286955164789,35.1338928079246,0.8406693883503341,1.3486824828240103,0.037988009028630886,0.6795462023184404,0.8524154656601406
46,0.0550989550264123,1.8380532248632941,0.02808570292660379,10.87287595945805,30.17078208576938,0.8089288035607297,1.3340937046046095,0.031356833727417335,0.6303688637450143,0.8531547651580365
47,0.04245505247891563,1.5737661859054526,0.02404736107495596,10.202485253399766,25.891208842691768,0.7785364653220931,1.3199701666895438,0.02585742976492511,0.5847688974623005,0.8541619934236596
48,0.0324827276497318,1.3395651835927374,0.02046873794963434,9.534460784587235,22.05392404877666,0.748829797355072,1.3061132817264292,0.02114621420780497,0.5405277902099574,0.8501415808618534
49,0.02296404265490355,1.040671201758369,0.015901597310399515,8.200240361295865,16.67447329377653,0.7121560628240403,1.3014248906069077,0.015357764700217104,0.4644619904553195,0.7333127103538002
50,0.017772629761134678,0.8920039077196248,0.013629940864985774,7.669815494635079,14.35675246749614,0.6854984274034629,1.2865677903815333,0.012734790490142131,0.43094684091551005,0.7283480759268001
51,0.01386140392905588,0.7734456387158702,0.011818354411617708,7.260073195128971,12.55246363075449,0.6610237479410932,1.2710566570166932,0.010714601302374881,0.40401294347535727,0.7373849928477574
52,0.01074143676996917,0.668553216391823,0.010215583951657732,6.8699054708575025,10.938405269074151,0.6371683392967543,1.2553881329148426,0.008971952577950349,0.3784629995532012,0.7480268486114944
53,0.008196858604975092,0.5705356329664176,0.008717861963833205,6.445162055273947,9.37716344735017,0.6133537220744777,1.2419614878665022,0.0073804994364011275,0.3513770286343549,0.7493402713979148
54,0.0062687539002240404,0.489566311115998,0.00748063972842781,6.087405684989435,8.099059322500741,0.5910150538678082,1.2282671171825872,0.00611042771531704,0.32807814928870166,0.7604713131830849
55,0.004873266685316107,0.42215933549958,0.006450651985562342,5.734656185062433,6.997892649878546,0.5708220852286787,1.2172745037941735,0.005079983861188633,0.30586707377587447,0.7615849499454063
56,0.004191207647617957,0.3851386221050009,0.005884970456612916,5.511762968231621,6.381998843649244,0.5582514857835486,1.2101034261844357,0.004531270249711733,0.29215471696919587,0.7617721813015315
57,0.003974468011671576,0.3720104681741256,0.00568437048143825,5.427204736867309,6.16441431321705,0.553396443904505,1.207848661375866,0.004344844493760506,0.2869484415832009,0.7662639861480103
58,0.0038385500678812913,0.36342050109368396,0.005553114617730313,5.372356339171348,6.025591330271536,0.5499259582732492,1.2059481138299013,0.004226880799163156,0.2835403659599562,0.7731007463970576
59,0.00371152531907394,0.3550191296725322,0.005424740521312036,5.314569163921967,5.886803166735537,0.5465666158998066,1.2043353716266034,0.0041114935676447644,0.28003585277869686,0.7784257300740064
60,0.0035866213297693042,0.3466996836620296,0.005297618256295866,5.256835322790865,5.749472220971881,0.5431914073777068,1.2026808772803008,0.00399764624646883,0.2765418541299958,0.7838308492355367
61,0.003458533367985957,0.33815308832259466,0.0051670251186814115,5.197134001918275,5.608227917871299,0.5396982495771073,1.2009955809380348,0.003880761042813094,0.2729281156022963,0.78878977420889
62,0.0033238084550888804,0.32917086815427193,0.0050297755745134926,5.134124862554848,5.459676764073617,0.5360097097733918,1.1992321946831526,0.00375790925344486,0.2691153025049897,0.7936347667786107
63,0.003189026871824608,0.32017911695764234,0.004892380394938506,5.0710980144474185,5.311663326864457,0.5322069374964941,1.197260102801975,0.0036354951438018366,0.2652892317049465,0.7990112275322913
64,0.0030635073217585825,0.3116681657240237,0.004762331904102229,5.010548143001873,5.171662643662067,0.5285141623387007,1.1953125907054722,0.0035204296333607274,0.2616170142614576,0.8046248332429373
65,0.0029296442274218217,0.3025051664441396,0.004622320030555613,4.943993564729947,5.0197806730836865,0.5245927684624431,1.1934229020658371,0.003396301626112859,0.2576109432096702,0.8093147360986824
66,0.0027842677143696763,0.2921675721205415,0.004464360185203518,4.862097098449072,4.843689824358472,0.5202153267409182,1.1915588979017966,0.0032554498789369086,0.2528153557200825,0.8106777918768843
67,0.002656824996263379,0.28351102430614855,0.004332086958837583,4.801848365699701,4.703356490211366,0.5162454062162776,1.1894937385417796,0.003140040028507433,0.24907798426345382,0.8178825693628174
68,0.0025268666258626542,0.2743224885212517,0.004191684884025916,4.732191798379379,4.551203913773504,0.5120002502015994,1.187201575132151,0.0030174259575579086,0.2449031480354286,0.8228442795547731
69,0.0024135475311000726,0.26641887421501564,0.004070916583930629,4.676332010787704,4.423882588922172,0.5081335292010732,1.1849885632956931,0.0029136365057502657,0.2414228298145034,0.8311187911835669
70,0.0022991004905968367,0.25826730982144463,0.003946359572823431,4.616842241468731,4.291280963620472,0.5041657124797514,1.1828841723020387,0.002806631694096049,0.23775387035457152,0.8386102081316336
71,0.002184281949470512,0.2497233329185321,0.003815806445274682,4.5485348857489365,4.149004838476142,0.49996891082179107,1.1806516001222893,0.0026943819637770994,0.23367842436402206,0.8430310805776657
72,0.0020801754675188206,0.24213635146044113,0.0036998763381052104,4.492711357617333,4.026719938411183,0.4960342231656907,1.1782747019472055,0.002596322771044953,0.23022504459128723,0.8510231678709705
73,0.001967969985730243,0.23359778675351145,0.003569405909646183,4.42336559523334,3.884847820135667,0.49167451745040625,1.1758742290801856,0.0024852897492591507,0.22608664037219023,0.8558127105495367
74,0.0018616047293023524,0.22542348672683601,0.003444501494977119,4.357121281777008,3.7498386215790775,0.4873617263073842,1.173426923067556,0.0023799045754034154,0.22210578494532168,0.8615548104198607
75,0.0017539048016854773,0.2170593493324553,0.0033166963395451555,4.288826530102277,3.612192793374516,0.48283166313128995,1.1706040585471247,0.002272752628603483,0.21801952264324861,0.8675087550883122
76,0.0016428104407653296,0.20827443821209346,0.00318246170442927,4.215346957243406,3.466656561765375,0.47801273268734124,1.1677829396791948,0.002160483977366065,0.21362433141863826,0.8729692107284707
77,0.0015430210626076438,0.2001163842172172,0.003057805531332688,4.144146187464334,3.330861491499163,0.4733597342217268,1.1649654388247765,0.0020572079950806517,0.20940240014933978,0.8782215824485343
78,0.0014571855198928499,0.19293501971471363,0.002948073306336878,4.080946118467811,3.2120792093884853,0.46910362451887266,1.1623046715556273,0.001967507776776734,0.20564653030128568,0.8844207820116091
79,0.0013715188212558597,0.18564524978368077,0.002836684631669143,4.0157792479012,3.091124521315276,0.46474216524775497,1.15974116208647,0.0018768405161009138,0.20177318171222386,0.8903013748218073
80,0.0012772527764072122,0.17758904175696807,0.0027135846787991703,3.9438807019029056,2.9579069811740824,0.45982689890462075,1.156656616128921,0.0017770263256831334,0.1974974692272043,0.8963503009470442
81,0.0011837896987335437,0.16931247885642847,0.0025871176735277673,3.865545227139374,2.8192370931497246,0.4546278497940309,1.1534593135531135,0.001674951549905735,0.19289284679035149,0.9001713972036431
82,0.0011011120893315996,0.16184242331769272,0.0024729742102873238,3.794943195580642,2.695305871476529,0.44973443391998963,1.1502629285512622,0.0015841600006354594,0.188724233646566,0.9053925321937021
83,0.0010214123068278983,0.1542891865733043,0.0023575597269265493,3.7176382390720955,2.5676283800002424,0.4447016640443172,1.147175311734195,0.001492798562339709,0.18425717507214487,0.9078279783709116
84,0.0009490945104287184,0.1473939272444352,0.00225219922784366,3.649050406913969,2.4531011453677927,0.4398751697568309,1.1439660150438313,0.001410671375354161,0.18022953466671712,0.9130687093104741
85,0.0008768515676473077,0.14020069691052015,0.0021422856913322253,3.5721656399230906,2.3315819973894163,0.4347659775227952,1.1407590312005156,0.0013253689344985304,0.175802802874353,0.9155018953070366
86,0.0008153460058980096,0.13393179750598075,0.0020464960569674465,3.50471553850688,2.226361315299673,0.4300831285938889,1.1378410652179811,0.001252112557789373,0.1718756311031764,0.9200124237103013
87,0.0007639369624655688,0.12849042649229708,0.0019633511688126877,3.444036365400252,2.1349777379248343,0.4258637463650315,1.1352136929992367,0.001189420195579252,0.16836549740085277,0.9246016581945651
88,0.000721147710421973,0.12382816051265333,0.0018921111113987768,3.390949711245521,2.057031859052035,0.4220581879639007,1.1327269293312445,0.0011365051958464134,0.16529116720685924,0.930410137586026
89,0.000684188194663535,0.1196590981186749,0.001828407271762434,3.341788141292181,1.987207644843737,0.4185656331964347,1.1304654401161662,0.0010897455934744808,0.16246991644990677,0.9358694634104522
90,0.0006485639786984408,0.11557977769019058,0.001766074701547903,3.2930385665561372,1.9189418477911582,0.41506621603065225,1.1281769963578934,0.0010442997030722255,0.1596733388441551,0.9414937714898663
91,0.000613590973324218,0.11152009919440768,0.001704042262732884,3.2439322172203786,1.8510293864426595,0.411509308141025,1.1258420768778965,0.0009993353561092155,0.15685625109916412,0.9453980195240522
92,0.000578588030878437,0.10740324046483278,0.0016411361021791081,3.1935176770463936,1.7821252353152217,0.40783456486485414,1.1234434155857913,0.0009539632245861342,0.15396365728127404,0.9492200788625608
93,0.0005466984326627777,0.10353919334405848,0.0015820929373455452,3.1442627220811437,1.7171831231732402,0.4042497837268373,1.1210132485421267,0.0009117566358425129,0.1511596229592231,0.9530408352624737
94,0.0005187818999412957,0.10016433948497513,0.0015305247119945262,3.103450882779277,1.661773551448958,0.4009813460926734,1.1187193711087196,0.0008755014152051152,0.14877172108197345,0.9596137478373473
95,0.0004888839570005215,0.09641284133641632,0.0014732013107432032,3.054195636323251,1.5986314301434414,0.3973849466648003,1.1163600254578432,0.0008350266749643859,0.14597574250051415,0.9630207012779378
96,0.0004610619875230877,0.09282362255329375,0.0014183575602370853,3.005359300582118,1.537875037282776,0.39385279819740887,1.1141482484124132,0.000796582490654538,0.14321315076916824,0.9661892306396813
97,0.00043547376910782145,0.089479038562202,0.0013672518625803352,2.959945070822921,1.4818569314883845,0.3904325685572911,1.111780426235066,0.0007612194586593963,0.1406416300631346,0.9702664660082224
98,0.00040836607884066166,0.08590241572530088,0.0013126005798433059,2.9108940599342343,1.421817034557534,0.386735655207268,1.109289136197835,0.0007234848309179022,0.13786124311986714,0.9738851250498867
99,0.00038221920556057826,0.0823500138366968,0.0012583193964860282,2.8599646384180013,1.3617291373736249,0.38295303996275465,1.1067332664173228,0.0006862413387886553,0.1349999137208401,0.9768912473862347
100,0.0003610222664136304,0.07936588703542025,0.0012127215336481863,2.8158161653882208,1.3114516925880335,0.37959995127071894,1.1043290169664617,0.0006554939107382751,0.13252960185692075,0.9809699784906306
101,0.00034197126734255586,0.07667066788404023,0.0011715382189411913,2.777302714121325,1.2666807299336524,0.3765106772533491,1.102308278048897,0.0006280792165670881,0.13032398369161216,0.9864681514705728
102,0.00032249113425576265,0.07381285543640123,0.0011278704565833796,2.7331963940535315,1.2182955976176963,0.37318980573128796,1.1000970885803192,0.000599008398693373,0.12786641709377675,0.989727653804904
103,0.0003035418391030395,0.0710151920234095,0.0010851217796446267,2.6904666048938783,1.171442725289771,0.369836503650897,1.0976562496936006,0.0005708461222697235,0.1254779776406994,0.9936722308989965
104,0.0002858316207066243,0.06830255689111533,0.001043672346383765,2.646413458645715,1.1254045807537008,0.366484636932283,1.0953001751434348,0.0005436870995363223,0.1230428257358155,0.9969878879764559
105,0.0002697266378424058,0.06584947798809326,0.0010061889675599981,2.6089232276320793,1.084765192997533,0.3633728836128735,1.0931478750872556,0.0005195126579114777,0.12091145756910925,1.0025195007237349
106,0.00025333409039811404,0.06322855276668579,0.00096614087419384,2.5647456138010516,1.03970538747012,0.3601237557770007,1.0917992716092815,0.0004935007339458967,0.11843396714456328,1.0048618381068408
107,0.0002396603233701379,0.06102816910392174,0.00093251871296315,2.5288466045625126,1.0030544077649783,0.35716509024179044,1.089821503658455,0.0004722183612251313,0.11641257268231921,1.010216634647828
108,0.00022554549569579218,0.05868144022800821,0.0008966603769984272,2.487833523375622,0.9633462528899569,0.35396235622562466,1.0875713457320473,0.00044953806988014494,0.11416459748191163,1.0133403423160106
109,0.00021232525262624338,0.05643853593645323,0.0008623884947845141,2.447929688541539,0.9254721948417952,0.350805321079503,1.0853111018358204,0.000428076123593223,0.11198023094250746,1.0166905910969977
110,0.00019973763834568416,0.05426299238362377,0.0008291458938074934,2.4085946663750004,0.8887973857172768,0.3476552973636645,1.0830233963758078,0.0004074447830106385,0.10982883454801572,1.0201668551324636
111,0.00018757691353758107,0.052108745048165095,0.0007962287019244236,2.368809450044759,0.851991901178196,0.34460585080302814,1.0817656300946967,0.00038704281433764315,0.10761695270265291,1.0201500272444581
112,0.00017596250753290459,0.050010754023611825,0.0007641711141129137,2.329339245125682,0.8162219352468199,0.3415467365547168,1.0804828181389778,0.00036736649032918984,0.10542705910429664,1.0201501551295882
113,0.00016539323903297097,0.04803496381341094,0.0007339807713424417,2.2903004275258616,0.7824196862684133,0.3385492291354901,1.0791000336804826,0.0003490464369434746,0.10329243965350786,1.0197740753266284
114,0.0001567002555296286,0.04637877335708413,0.0007086739562203003,2.2579286233399083,0.7544195185374017,0.33593335679722197,1.0781086908151516,0.00033396673915126607,0.1014845474628934,1.0217832266561004
115,0.00014814440412304103,0.04471186473950493,0.0006832033661384451,2.2239173275804327,0.7264745021730356,0.3331377155094091,1.0760472545923405,0.0003189885831554516,0.09966093398653889,1.0225770402099075
116,0.00013908083745976045,0.042915566024135765,0.0006557556777881523,2.1863500977074826,0.6957990003482051,0.33021770072655066,1.074851854240899,0.00030276012621212296,0.09761711374565948,1.0216685371537106
117,0.00013036772949862215,0.04115777907141459,0.0006288964544019204,2.148987438376827,0.6658766382400105,0.32727283073526303,1.0736134415897711,0.0002870385037232277,0.09558758948966779,1.0207600682183144
118,0.00012254694494702874,0.0395258057534905,0.0006039596804438274,2.1127409603433316,0.637971524229689,0.3244472649444205,1.0725425141131189,0.0002726031290542787,0.0936308801526919,1.0198973234501012
119,0.00011519638134054753,0.03796603047038011,0.0005801261022638722,2.07788190128971,0.6115069531975221,0.3216837209333811,1.0714860074471326,0.00025898193039789483,0.09175191409984618,1.0185803555361264
120,0.00010736965873005913,0.03628913085301361,0.0005545028483482549,2.039766467430846,0.5830573010300275,0.3186285875088483,1.0701932152631306,0.0002444021941858798,0.08970406546590663,1.0167576431926004
121,0.00010042261669965577,0.03476115010874025,0.0005311550950401733,2.004112379013055,0.5572603962597906,0.3156867186254687,1.0687486749154027,0.00023131674024212567,0.08779333211248322,1.0163916036814709
122,9.435749339291147e-05,0.03338064096296577,0.0005100607277872525,1.9708322000918435,0.5339612896599398,0.31296537791309154,1.0675749024751335,0.00021966442682815477,0.08601986488907014,1.01542105500604
123,8.882413532186212e-05,0.03208324424965119,0.0004902363297909347,1.9383527106315142,0.5120020625717415,0.31032508616095,1.0665188676997863,0.00020882968494130992,0.08429792454908308,1.0145543270877575
124,8.341280745346911e-05,0.030803305558131544,0.0004706786927388519,1.9064869453415392,0.49054298006287606,0.3076663171938058,1.0654318099663667,0.00019825696315803242,0.08260420643792697,1.0132318239524525
125,7.779691835452842e-05,0.029444758163731495,0.0004499199040298528,1.8711368181037211,0.4675712655450691,0.30477476337625414,1.0642665756367438,0.0001870708759143765,0.08074463817063124,1.0108847946013146
126,7.258295658052127e-05,0.02816091370949858,0.00043030258639301707,1.8374949226933113,0.44606569937064533,0.3019327310705888,1.0629931111353714,0.00017665521400174507,0.0789740504244696,1.0089688919784419
127,6.768912088558746e-05,0.026930960156215284,0.00041150872904233853,1.804593775759267,0.42556556925894545,0.29907194772263596,1.0614784609919938,0.00016680268529484585,0.07724714329781177,1.0080760075769704
128,6.338373486235563e-05,0.025803798045459674,0.00039428553889496915,1.7728966803671165,0.40665672175736217,0.2963973553820895,1.060359066958874,0.00015788479113132653,0.07559710583796736,1.0062786628856009
129,5.961606058174002e-05,0.024789534922094836,0.00037878746060925864,1.743661605263418,0.38972413582390086,0.29388807652225324,1.059282867579501,0.00014998651115753157,0.0740786264153534,1.005236274869887
130,5.57594492919098e-05,0.023743613881596615,0.00036280564504986325,1.713582415895654,0.37237399776392444,0.2912647439573597,1.0581738382272137,0.00014190584201064182,0.07251450455646855,1.0029728180899156
131,5.182066786744519e-05,0.02266311672828421,0.0003462955017904206,1.681980274371379,0.35451414570841955,0.2884129255781769,1.0566076715566866,0.0001336234490444875,0.07087502470102519,1.0000508187182482
132,4.830905582096593e-05,0.021655410692763877,0.00033089761669758024,1.6506837585108278,0.3377012191649033,0.28571200647668676,1.0554612291770262,0.0001259899680363425,0.06927263095663931,0.9954123595904737
133,4.494995252237909e-05,0.020675740351372218,0.0003159281208189301,1.6200184048081374,0.32148826740497477,0.28299084818185005,1.054200962721079,0.00011866692683236017,0.0677022672225108,0.9907754519402765
134,4.1849599299641236e-05,0.01975221110008998,0.0003018164684224274,1.5905252347875052,0.3062968161916594,0.2802796768236891,1.0527014301299926,0.00011186018516087519,0.06619308203463294,0.9877965075869601
135,3.899624625220291e-05,0.01887372783279662,0.0002883931247795747,1.561472517450414,0.29181997704691814,0.27766028730739567,1.0514731277668976,0.00010546550125917301,0.06471734140556692,0.9832054123722143
136,3.6380111029881226e-05,0.01805189143381048,0.0002758353529784282,1.5338003605412462,0.2783701114735312,0.2750648083886969,1.0500022350204365,9.956901996083064e-05,0.06331123308043678,0.980534282701799
137,3.3992567319832506e-05,0.01727562070236587,0.0002639738307662016,1.506668906200248,0.2656349970552272,0.2725791408725461,1.0488236800033355,9.406896437703432e-05,0.061944165234301914,0.9761655335980131
138,3.157888154948714e-05,0.016476181130878734,0.00025175828553125384,1.4780346758586556,0.25250617421433813,0.2699540670966718,1.0476087266886678,8.844612987799455e-05,0.060506485306382043,0.9710755469308286
139,2.9361608975023948e-05,0.015718468626247428,0.00024018033554537658,1.4498247196576068,0.2400485170837976,0.26737422526691235,1.0464748071265535,8.318523098485697e-05,0.05909828545814451,0.966115462101305
140,2.7306874825271526e-05,0.01500517304921051,0.00022928108224600096,1.423276292001636,0.22846763236430362,0.26484191776962407,1.0452081476582993,7.831431750051271e-05,0.05776895769552164,0.9615647590014929
141,2.526205453269354e-05,0.014280516185879609,0.00021820822694892434,1.3955712838197454,0.21672590095680852,0.262160640841241,1.043623596841603,7.341604135970158e-05,0.056392434017184606,0.9562064468518662
142,2.3386238090701982e-05,0.013596099100085312,0.00020775024091811159,1.368621495942003,0.2056588969195432,0.25952696783848267,1.0420603689110586,6.88554616822704e-05,0.05505777900597865,0.9511321068900649
143,2.168192896772446e-05,0.01294920448344425,0.00019786560331239083,1.3418630636757416,0.1951335067838965,0.2569895970730802,1.0408863870601968,6.459837453649765e-05,0.05374268383594445,0.9449160832524586
144,2.0127567246289317e-05,0.012343699042349717,0.00018861339793064074,1.3162387321446432,0.18533570571113678,0.25451560711585747,1.0397046397524896,6.0676288640363326e-05,0.05248592886678791,0.9390513970296007
145,1.8553333512054355e-05,0.01172439770759698,0.00017915038941998773,1.2901499462766501,0.1754172645780239,0.251901882588436,1.038303479322122,5.671269505550172e-05,0.051202315142613856,0.9324630046027343
146,1.7025425645124358e-05,0.011105171225825307,0.0001696885246730521,1.2628308680707916,0.16549675031898606,0.24912993740914216,1.0363848003458864,5.279839594596054e-05,0.04987694901574589,0.9266823097046518
147,1.577973816137875e-05,0.0105800719560744,0.00016166493651047461,1.2389457714832424,0.15712707510264726,0.246674224075099,1.0348489294090286,4.9550382918223745e-05,0.04871624401486375,0.9220164498119799
148,1.4620199065901718e-05,0.010072807576315719,0.0001539138678893742,1.214825310082306,0.14900278406903436,0.24427402166737794,1.0336562677104173,4.645097016222722e-05,0.04755526670607077,0.9151754984322455
149,1.3519680605101382e-05,0.009584646915521059,0.00014645470668877672,1.1915106991118984,0.1412760704120489,0.24182203709704644,1.0320676400045439,4.351408239462457e-05,0.04642991845198602,0.9101017608388172
150,1.2449218942287806e-05,0.009091888085341083,0.00013892528483543245,1.1667782534622497,0.13341270832844943,0.23933031670531954,1.0308171046543184,4.0577875469071154e-05,0.04524972297422612,0.9021795386228382
151,1.1412664059674123e-05,0.008607325736745967,0.00013152110633397906,1.142294876849125,0.125765137773217,0.23673194656567315,1.0291317107111244,3.773489718547911e-05,0.04407912765807964,0.8949726714260439
152,1.0471273609593241e-05,0.008153299443310582,0.00012458352290287808,1.118711101610842,0.11863146134476137,0.23418744744367853,1.0274384971680721,3.511657429862802e-05,0.04295431283578175,0.8881448374761132
153,9.606481420516605e-06,0.00772392621868763,0.0001180226417116955,1.095893810843623,0.11192204077995482,0.23167703131446668,1.025705280809927,3.2681952939798036e-05,0.041867947795314456,0.8814372651973388
154,8.797959676556717e-06,0.00731017787649224,0.00011170051084623114,1.073274907643923,0.10547351198828742,0.22916047310498205,1.0239398420268722,3.0371217237418888e-05,0.04079448379093515,0.8746828626966819
155,8.051428032088683e-06,0.00691606720510273,0.00010567844625793642,1.0511239245444215,0.09935261145835331,0.2266613102306277,1.0221455925689713,2.8205789338759484e-05,0.03974618611852664,0.8680271960773286
156,7.358214378388806e-06,0.006538430723522616,9.990810952751022e-05,1.0293004974904092,0.09350734147563272,0.22416801306725376,1.0203135699667627,2.6164311330496484e-05,0.0387168774512446,0.8612234341277227
157,6.704269577123476e-06,0.006170556378745371,9.428693957335877e-05,1.0073784916226471,0.08782382391082831,0.2216445220285407,1.018434315407564,2.4205886089797496e-05,0.03768756287457514,0.8539900946429382
158,6.057250711620003e-06,0.005773358418436315,8.821770079104723e-05,0.9793916808437445,0.08144685237310519,0.21894631720123817,1.0170801057134953,2.2106897557249354e-05,0.03644779475333642,0.8385979993005555
159,5.503682490921683e-06,0.005439138290950626,8.311077184814194e-05,0.9578826666404975,0.07633170336477837,0.21642928637854006,1.01520099403235,2.0398146000926627e-05,0.035449591866012646,0.8308787371670616
160,4.96162963846605e-06,0.005082990208369119,7.766878077304252e-05,0.9310255172337407,0.07069020496901753,0.21375850089570636,1.0138086753067415,1.8594604197465912e-05,0.0342696664947966,0.8156024084285471
161,4.49192852292913e-06,0.004777991972151818,7.300836629773572e-05,0.909781074466505,0.06606716185439562,0.21123476756134502,1.0119242534817825,1.7098828038684516e-05,0.03329601778905704,0.8063496534109503
162,4.037063579834263e-06,0.0044575200425035,6.811151168511289e-05,0.8838649732949143,0.061060084486933786,0.20857453706128623,1.0104854942320634,1.554557759540159e-05,0.03216678756347545,0.7904488247285436
163,3.6378147595610005e-06,0.004178080930767222,6.384164410340402e-05,0.8627748083902407,0.05686909723162035,0.20602921604201624,1.0085824611616767,1.4233398678224413e-05,0.03121258916283722,0.7802853155172297
164,3.2707061795480434e-06,0.003904631418183144,5.9663298410268705e-05,0.840108008816406,0.052691490184247125,0.20351821249731325,1.0076026485326761,1.296760472995387e-05,0.030203644833440967,0.7677734683563212
165,2.959209371008511e-06,0.003668866203405189,5.606077390602153e-05,0.8209662688900771,0.049208773778119094,0.20112299203718753,1.0057150411044173,1.1912708202966982e-05,0.029345082706115366,0.7585888887980375
166,2.6520418041555222e-06,0.003416267012642473,5.220102396227885e-05,0.79703125457663,0.045354535591491094,0.19855992810871928,1.0043084675197722,1.0794771621137252e-05,0.02832632602663149,0.7425812637484523
167,2.3852928173032386e-06,0.0031974128568236755,4.885690273584561e-05,0.7776629754812825,0.04211995451028984,0.19620867531361638,1.0035307372265165,9.853202132562116e-06,0.027455859389341957,0.7318830753592775
168,2.1321817144539703e-06,0.0029721520958567726,4.541488771258224e-05,0.7546024618046182,0.03871066955780702,0.19375644701396572,1.0032241531750634,8.900541718680243e-06,0.026471178156857095,0.7155067837552941
169,1.915027401873114e-06,0.002779175805575302,4.2466183786379795e-05,0.7360019913516073,0.035907087246147405,0.1914433450483954,1.0024694971535388,8.112302272164814e-06,0.025647272570279114,0.7046551189988483
170,1.7166437946571549e-06,0.002595173224977026,3.96545993629766e-05,0.7173403950609463,0.033250385139761265,0.1890981788696643,1.0013724452311148,7.378575603184499e-06,0.02483394467269466,0.6935774170487881
171,1.5411979109846743e-06,0.0024238084844927276,3.703612285302976e-05,0.6987742579740138,0.0307741518391931,0.18681600515402388,1.0005078959923666,6.711143589088131e-06,0.024036034055741017,0.6816836139349688
172,1.384441583423832e-06,0.00226524663949155,3.461327632499819e-05,0.6812074761539644,0.02850772610816526,0.1846099586381638,0.9999009201812614,6.109265973213185e-06,0.023278171180785092,0.6696527687079589
173,1.2442643749606671e-06,0.002119865580092606,3.239183399122826e-05,0.6649890593342963,0.026469518123702004,0.18241236910321915,0.9987407671546435,5.572180779061513e-06,0.022575487217931255,0.6601884860736641
174,1.117975023979607e-06,0.001981970180547256,3.0284773556749225e-05,0.6486324287299953,0.024530322263621816,0.18027499632685287,0.9980612287093548,5.07362448140879e-06,0.0218751176963143,0.6489953791197973
175,9.984029455234645e-07,0.001846391292445345,2.821310973176247e-05,0.6319013199265548,0.022634487202350315,0.17806939331336194,0.9973172794925977,4.594083452245607e-06,0.02116432559353502,0.6371719878806027
176,8.832672058988854e-07,0.0017052678685063071,2.6056724646106537e-05,0.6119086686756663,0.020621687192158615,0.17572696537293783,0.997012264398299,4.104675642114431e-06,0.020353893250673515,0.6206415633654903
177,7.871028533319394e-07,0.0015893607187319385,2.42856476546476e-05,0.5971797991448281,0.019065207019712434,0.17352326600195236,0.9955243643574057,3.7195465639914213e-06,0.019724563016130504,0.611542170227732
178,6.959161806954564e-07,0.0014699724696299753,2.2461378992648168e-05,0.5796342275445886,0.01741963891634218,0.17123962371218615,0.9947094909453613,3.3296615257037854e-06,0.019009850516514437,0.5977297215073457
179,6.158251572200141e-07,0.0013611019745191923,2.079782304019138e-05,0.5631807209213296,0.015943749870661716,0.16899828030647415,0.9937047433023435,2.9854002264874095e-06,0.018339414240976352,0.5853394906356552
180,5.456375610718589e-07,0.0012626428521931527,1.9293354277993833e-05,0.5482061021015743,0.014637032626803815,0.16681622292625414,0.9924574086473081,2.684060763842244e-06,0.017724303680111755,0.5742753673826158
181,4.809925394832181e-07,0.0011651199511914802,1.780319110479341e-05,0.5315074750097447,0.013326314257222529,0.16457837039411077,0.9914841356245829,2.3926918141989847e-06,0.01706357939780136,0.5603519824943252
182,4.235644958914715e-07,0.0010758296261250174,1.6438822810059684e-05,0.5161820723874925,0.012151228324415769,0.16240377988724772,0.9907340165506329,2.134683219308942e-06,0.016447691917764833,0.5472144265640969
183,3.6979175802640874e-07,0.000986957424141038,1.5080843492817215e-05,0.4994408894813157,0.010981701125938983,0.1601007270029587,0.9896982796605424,1.8852208756610508e-06,0.015795614623479545,0.5326142217996779
184,3.241679642287094e-07,0.0009098842423951953,1.3903154807396872e-05,0.48525264346423186,0.010002298925621466,0.157892530309682,0.9881111244313867,1.6774551084345095e-06,0.015231043852709916,0.5213686015941368
185,2.827749986194046e-07,0.0008349480342815872,1.2758119369328157e-05,0.4700424894475868,0.00904329582054417,0.15567251054852,0.9870548784964935,1.4810373681883847e-06,0.014640232764956594,0.5079529183764796
186,2.4543020609704054e-07,0.000763071215548027,1.1659831816523332e-05,0.45421958273115437,0.008128166027035422,0.1534122143575931,0.9860298112665538,1.2990516967188448e-06,0.01403859464072789,0.49327584992105955
187,2.128144499120795e-07,0.0006968569214791765,1.0648068409698793e-05,0.43875007907173535,0.007296558901317469,0.15117341386591826,0.9850163052100757,1.137802981752918e-06,0.013455859474895969,0.4789938281481688
188,1.8476198948125202e-07,0.0006382623745877896,9.752735774686091e-06,0.42519556829683514,0.0065842509079419576,0.14900339035757842,0.9836737267517086,1.0010570673468126e-06,0.012936140092915799,0.4667048508958866
189,1.5868346548003516e-07,0.0005795182311548239,8.855117284199346e-06,0.4099391507597273,0.005865751076622126,0.14672586259840195,0.98259705331225,8.683157306993772e-07,0.012370621196824439,0.4519308797025625
190,1.3573039327825237e-07,0.0005248686281654438,8.020063927825115e-06,0.3948864721562838,0.005208488283019105,0.1444383025926104,0.9815030807732015,7.500424485279008e-07,0.011817502147380334,0.43711829888929987
191,1.1664081116284903e-07,0.0004784765541698719,7.311186736042185e-06,0.3825741390583419,0.004675595127312609,0.14222737991851753,0.9792908235270664,6.544730400124424e-07,0.011353302149447572,0.42630819283118015
192,9.963453784200342e-08,0.00043306035368264586,6.6172210240132645e-06,0.36857250219398974,0.004146105192596174,0.13999207773510217,0.9777612363144786,5.641445580554714e-07,0.010848294980978633,0.4122459338689982
193,8.532621543249269e-08,0.000392649798444244,5.999742251270283e-06,0.35540697979135744,0.0036844099180944794,0.13782185406268072,0.9761214573896703,4.874622472372378e-07,0.010376282125794532,0.3993371409109158
194,7.297327253064591e-08,0.00035542605465134817,5.430958390258292e-06,0.34236530845905894,0.0032639551216002336,0.13570883635889708,0.9750958954317229,4.199056710504222e-07,0.009912810514357051,0.38548022092469675
195,6.185779869893995e-08,0.0003200006700421805,4.889653701832979e-06,0.32916926988023565,0.0028710656872796454,0.13353486096238304,0.9740205307203715,3.584768202777643e-07,0.009448314670924584,0.37127879566080235
196,5.229672001598337e-08,0.00028786329268772694,4.39859021084812e-06,0.3166633678641232,0.0025221849817955626,0.1314083093048352,0.9734197205432626,3.0536846518878626e-07,0.009005122212069033,0.35821540819144343
197,4.4098292641686144e-08,0.000258278855797581,3.9465359969070105e-06,0.3040634001324335,0.0022072658338836665,0.1292571553808234,0.972331798556573,2.590422413387401e-07,0.008570649569561935,0.3445296984403728
198,3.7122115255996584e-08,0.0002317800572846456,3.5416307564716655e-06,0.29237581583516986,0.0019325821116776604,0.12716306877392927,0.9715767176797239,2.1964854649822441e-07,0.008163763660100753,0.3320655647924864
199,3.112227734709705e-08,0.00020756544654446958,3.1716282154503e-06,0.2811587705306397,0.0016864221983006196,0.12513034141659377,0.9717374607464636,1.854296911444838e-07,0.007770473491856065,0.31956772981710174
200,2.5962837071099165e-08,0.00018497003198308893,2.826367211965705e-06,0.2693821870133191,0.0014602870418188585,0.12303368321881034,0.9713452796024482,1.552403694096642e-07,0.007373334040322456,0.30677921349881454
201,2.1748694909965533e-08,0.00016532617267139707,2.526206373586713e-06,0.2585364169937638,0.0012698061156975486,0.12102005468977949,0.9708596610414433,1.3058297722943771e-07,0.007009576949620621,0.29462604113713153
202,1.819494655078962e-08,0.00014768064970336665,2.256580385959761e-06,0.24814091377276923,0.001103217704015008,0.11902693584605946,0.9702055571671977,1.0968451601221609e-07,0.006664167587777477,0.28306731377767774
203,1.5126198519419774e-08,0.00013121001489470685,2.004906848985333e-06,0.2374539444905693,0.0009500320170903861,0.11704925739114282,0.9704663688371175,9.125203914529525e-08,0.006314314634629465,0.2705227435718915
204,1.2521320092009764e-08,0.00011645765668421639,1.7794888118131534e-06,0.22743790936627462,0.0008182859325476078,0.11503043437891869,0.9696357543482875,7.57864585298566e-08,0.005989017434991142,0.2591621948275888
205,1.0311517585523469e-08,0.00010303997332800825,1.5744647876945232e-06,0.21762678996948467,0.0007016629466984484,0.11299953281634205,0.9685945851162493,6.257207761112454e-08,0.005674276986625562,0.24804952742999264
206,8.374418554776404e-09,8.993865322324178e-05,1.3742748370274631e-06,0.206380383203623,0.0005879185845137283,0.11095978865296852,0.969957095092486,5.044889528117296e-08,0.005324162002312758,0.23436274036506935
207,6.797730775509691e-09,7.863978141646375e-05,1.2016265411683763e-06,0.19612760814860972,0.0004950609840641709,0.10890287676397958,0.9700176154790476,4.0828836269615856e-08,0.0050079009623206746,0.2223435218847965
208,5.51901429128176e-09,6.894699592730238e-05,1.053519462386624e-06,0.18699386415587532,0.0004193294865047632,0.10686797729248645,0.9691125992162409,3.319454755228856e-08,0.0047257441005085585,0.2118392015895284
209,4.4531245542816906e-09,6.023655066513913e-05,9.20422675698221e-07,0.17819963013980444,0.0003530948911321393,0.10489191305421809,0.9694564983461389,2.678801426910973e-08,0.004452497111073196,0.2015406846008829
210,3.5885641439462828e-09,5.2598196011773626e-05,8.037075791272709e-07,0.16979515589471772,0.0002972285920560514,0.10289642383870766,0.9685925857746839,2.158998194489377e-08,0.0041972656751097116,0.19206542768117038
211,2.8913503797122627e-09,4.588629140170887e-05,7.011487650515787e-07,0.16168990635157418,0.0002495139626046551,0.10097411332932531,0.9684379393275712,1.7354130010064e-08,0.003953481980084811,0.18264792602391342
212,2.3215899844045733e-09,3.993893907155029e-05,6.102724136569654e-07,0.15385421454735054,0.00020869036492954487,0.09907035123485064,0.968301909059961,1.3883731865844481e-08,0.003720806813741383,0.17346553817579202
213,1.8531681921212738e-09,3.463074589751936e-05,5.291625009807713e-07,0.1462082108214286,0.00017354735451444365,0.09716735055233866,0.9681690397716282,1.1025850054703906e-08,0.0034967814352736956,0.16443968144299742
214,1.4726287152383261e-09,2.9959434137169176e-05,4.5778422280903667e-07,0.13888729478070977,0.00014390990342628748,0.09524536543915119,0.9671818706574177,8.715274455935919e-09,0.003285830342890069,0.15596351143114418
215,1.158504073443634e-09,2.573461539206993e-05,3.9322841855454915e-07,0.13156260601743833,0.0001179627155882839,0.09333353056031843,0.9670664141772788,6.794753301826566e-09,0.0030769031976138066,0.14714240632009942
216,9.053949372734328e-10,2.1982651412766445e-05,3.358978993461766e-07,0.1242394634287679,9.57022850794116e-05,0.091451939447095,0.968019398585672,5.2370826568661466e-09,0.0028709632960645945,0.1386106234912285
217,7.12850981314473e-10,1.8896197610687203e-05,2.8873646603766525e-07,0.11775077422958458,7.852208651010333e-05,0.08959785569677423,0.9669747635466007,4.083378005638414e-09,0.002691747353423383,0.1310443646889869
218,5.554782464854081e-10,1.610243839472852e-05,2.4604744575985865e-07,0.11109401178467512,6.344410874209593e-05,0.08777085498615565,0.9675473669322721,3.130409570496013e-09,0.0025103794331027777,0.1230462402707466
219,4.3091938606094557e-10,1.3702973005195992e-05,2.093832887041833e-07,0.10491390260927642,5.119132371318042e-05,0.08596663203609804,0.9680612324017513,2.3915534855376635e-09,0.0023424680428936902,0.11570238255865131
220,3.32829530931883e-10,1.1611197480262177e-05,1.7742067457106902e-07,0.09881492004384466,4.0977314773343246e-05,0.0841909109905951,0.969195396223654,1.8112615942072934e-09,0.0021799310769734007,0.10851071412494562
221,2.573628464184162e-10,9.856627204218043e-06,1.5061060244136238e-07,0.09323579356735706,3.292101460542355e-05,0.08244942183628784,0.9696982975089148,1.3757835476031526e-09,0.0020327877441417837,0.10184136857840684
222,1.978624084969911e-10,8.323963976495906e-06,1.271913001501922e-07,0.08771360268830526,2.6201502961484326e-05,0.0807338903909041,0.9709884260952035,1.0341418561612896e-09,0.0018897182924890316,0.0952859950726461
223,1.5208043683243205e-10,7.036360057838482e-06,1.075165373863266e-07,0.08263432195361839,2.0907312284414553e-05,0.07903698891266685,0.9714610719598998,7.784530368674558e-10,0.0017597524822531093,0.08927012049467305
224,1.1705500301775362e-10,5.987168252285398e-06,9.148474409264621e-08,0.0785029197458053,1.686933776669224e-05,0.07745520590338228,0.9725178833561403,5.907525410183547e-10,0.0016493074845107824,0.08430625057375854
225,8.647782906756598e-11,4.93376181124787e-06,7.538855059631727e-08,0.07335751512210259,1.2936109935659047e-05,0.07567227052878124,0.9737360639631526,4.223898678080197e-10,0.0015214216536672401,0.0778000945606142
226,6.050064268208511e-11,3.9285931534192415e-06,6.002943697924142e-08,0.0676804715656055,9.438689798553421e-06,0.07360485853828337,0.9733554705038132,2.829145101336362e-10,0.0013850721502597476,0.0710101831301205
227,4.082869421900877e-11,3.0601786899935993e-06,4.6759946027066924e-08,0.06201951998142633,6.650154882258096e-06,0.0714747923883204,0.9744215664285725,1.8098323656621083e-10,0.0012498336696037556,0.06454501982756863
228,2.7513014823903435e-11,2.403825897844712e-06,3.673078621494469e-08,0.05750409808788547,4.76360577904851e-06,0.06939171295339445,0.9726675804826883,1.1676813812378786e-10,0.0011401648749642616,0.05953312751767595
229,1.7829836569394945e-11,1.8228821147436478e-06,2.7853886303383428e-08,0.05224280754895268,3.194428491192499e-06,0.06722804198858547,0.9728539223868478,6.988845790498983e-11,0.001020120564320733,0.05359748947205609
230,1.1274242891346793e-11,1.3598026548614086e-06,2.077796925934242e-08,0.04719083771751814,2.0805819444793984e-06,0.06508402839132879,0.9747973937588272,4.029031689509199e-11,0.000906325044657577,0.04801128142810399
231,7.023555534272373e-12,1.0044568028835423e-06,1.5348236376828327e-08,0.042477749093757455,1.3343279404089285e-06,0.06293538238006299,0.9760463115096641,2.2729863109769714e-11,0.0008028498568064033,0.04287418596930945
232,4.30300412375302e-12,7.332950512505202e-07,1.120484798175668e-08,0.03809490490692063,8.370815772878626e-07,0.06088368621197592,0.9809323014232455,1.2474007971504216e-11,0.0007074587102258054,0.03809621352067362
233,2.6105221926584927e-12,5.314283573030696e-07,8.120297480012952e-09,0.03408029497401685,5.185512688972636e-07,0.05892908583381879,0.9888680783450224,6.7365943248677555e-12,0.0006213468560826489,0.03376933124190512
234,1.580496694376925e-12,3.844007402823138e-07,5.8736955221406206e-09,0.030460146704599966,3.211722747008804e-07,0.057030241265053225,0.9971282775714174,3.6319422696610957e-12,0.0005456362151145879,0.029928078896215758
235,9.476226061371305e-13,2.7620049349610094e-07,4.220381055118691e-09,0.0271623001413327,1.976065748609617e-07,0.05515987202066255,1.005772201159724,1.938036939788182e-12,0.00047832742731338483,0.026415639925815824
236,5.60082112424784e-13,1.9651887821664739e-07,3.002835151018382e-09,0.024123136794382813,1.2005455543628036e-07,0.05329822746363853,1.0146339839400293,1.0151762863497757e-12,0.00041795930234298374,0.023306439201028515
237,3.2609793552472523e-13,1.3836489680433087e-07,2.114234416364988e-09,0.021357777367473862,7.198847557084896e-08,0.0515037316626815,1.026871785102805,5.225454677860315e-13,0.0003638511489372023,0.02040629391212818
238,1.869450044274311e-13,9.661582210306239e-08,1.4763028844270996e-09,0.018871126740729074,4.284655649296389e-08,0.049692750816120006,1.0374791362133902,2.6475176745671207e-13,0.00031642976714013545,0.017952051262491966
239,1.0673905842404198e-13,6.722182067754629e-08,1.027158550251132e-09,0.01665745065972555,2.542889110438156e-08,0.04795085510747187,1.0495311127430385,1.3336751017856784e-13,0.00027517640795946707,0.01575260802825549
240,6.033553659544865e-14,4.6400432970831416e-08,7.090049180602425e-10,0.014657035678301194,1.4924391340684924e-08,0.046278360143449875,1.0642006809676496,6.610447539749607e-14,0.00023860354849621453,0.013807807015114061
241,3.3490461483145324e-14,3.150181731424927e-08,4.813520472465933e-10,0.012811480108801086,8.536729648650507e-09,0.04478501677680378,1.09248775790479,3.185385947377402e-14,0.0002049815844773527,0.011936680486350578
242,1.827499937256746e-14,2.118450732816036e-08,3.2370214932672884e-10,0.011168154225916433,4.883756101386114e-09,0.04326478359794731,1.121250601790355,1.5247588317934497e-14,0.00017596681602582208,0.010345785406766115
243,9.891204653063518e-15,1.4151399919060075e-08,2.1623531285490779e-10,0.00969986872985893,2.795915577109252e-09,0.04176478971195006,1.152119962553354,7.281297715640212e-15,0.0001508686068961839,0.008965018548873143
244,5.306759422456829e-15,9.385415117974505e-09,1.4341041776191947e-10,0.008394237403180758,1.6016616310768732e-09,0.04029222101786078,1.1860902030359406,3.4700181806520297e-15,0.00012917319817491157,0.007746755485633978
245,2.8273450665200322e-15,6.1834605629743935e-09,9.448411726106888e-11,0.0072364780578010515,9.168937298581347e-10,0.03888633374174076,1.2271948538127508,1.6492264012380523e-15,0.00011036479447392095,0.0067030505916030126
246,1.5080582630750394e-15,4.072502641781223e-09,6.222839350769274e-11,0.006228619891769242,5.324136057964493e-10,0.037486600752994176,1.2683295067073173,7.959066197215888e-16,9.448759619730395e-05,0.005787832486752518
247,7.884568084111534e-16,2.6412932550421256e-09,4.035931968655202e-11,0.005323483217482489,3.057486051123009e-10,0.03612639314275442,1.319410883429304,3.7772089023910136e-16,8.049008708444894e-05,0.004980141474063629
248,4.0865343743850634e-16,1.700365778661028e-09,2.5981820047452047e-11,0.004527420077187264,1.761927502033826e-10,0.03477834827464856,1.3756707216715682,1.7950713283369924e-16,6.848340875115124e-05,0.004285355388258955
249,2.101120307868888e-16,1.0867958764516705e-09,1.660638860452468e-11,0.003832618466493448,1.0193564410240887e-10,0.03345621464088241,1.4397013906110179,8.554173278329219e-17,5.820076186975879e-05,0.0036785287282200584
250,1.0670266515223596e-16,6.872454701116386e-10,1.0501204127342528e-11,0.003224502142883651,5.886364511879348e-11,0.032187440358610486,1.520076493740605,4.060051206600945e-17,4.930452941556652e-05,0.003152430608250259
251,5.355327084497277e-17,4.299485188427174e-10,6.569671764999077e-12,0.002698496100268587,3.3945593500337524e-11,0.031024923106503226,1.6336381336692665,1.9246628997356626e-17,4.1599253129584635e-05,0.0026855034588194027
252,2.6617367055695272e-17,2.666002771363973e-10,4.073688445208109e-12,0.0022415374504937808,1.970187199813421e-11,0.029881362701868298,1.7740842517447761,9.182943130130339e-18,3.501884304233341e-05,0.0022900737421257364
253,1.3268162854512387e-17,1.652675896769001e-10,2.5253112174738558e-12,0.0018546028433037627,1.1636732695450766e-11,0.02877050233837452,1.94878839024953,4.479242598932637e-18,2.9518671143808603e-05,0.0019527534565440838
254,6.56757528000571e-18,1.0172954578454324e-10,1.5544412768436147e-12,0.0015233511005064348,6.9411884781734e-12,0.02766762014064871,2.1718645026427352,2.2098135655624497e-18,2.4862052525635422e-05,0.0016621383388291753
255,3.2250921204357164e-18,6.210659003196125e-11,9.48997131218423e-13,0.0012410685448726324,4.168608649023299e-12,0.026604370284935046,2.485082840560354,1.0992932067993663e-18,2.0899269785393462e-05,0.0014148230592524883
256,1.5854925912761773e-18,3.785480926691215e-11,5.78426627168437e-13,0.0010048380394314278,2.5429643011587293e-12,0.025561168188516097,2.9258319135825848,5.578764478610911e-19,1.7585075251792236e-05,0.001204268151462571
257,7.750500079761332e-19,2.2926996407659725e-11,3.5032761913232175e-13,0.0008062629003562443,1.5678783233147306e-12,0.024520476846071622,3.592222799656091,2.8679186201978873e-19,1.4789685738331602e-05,0.0010239313157741072
258,3.7216508433942055e-19,1.3858036554335354e-11,2.117526807962957e-13,0.0006842399332199987,9.464936721174838e-13,0.024944378218853987,10.708409410999609,1.452675891561403e-19,1.2295588830055376e-05,0.0008578428714140751
259,1.7498224871647798e-19,8.080302401138207e-12,1.2346811818377564e-13,0.0005180176185753553,6.04534100383968e-13,0.02333827395987092,19.08092590268282,7.692961177933022e-20,1.0390039992562012e-05,0.0007375353757282769
260,8.1512852160715e-20,4.641323235193069e-12,7.092004943418951e-14,0.00037692552481336905,3.8974792421588134e-13,0.02123489821160289,16.470381733654804,4.099285410991666e-20,8.796582702859314e-06,0.0006262945098774489
261,3.7345821313574263e-20,2.639472369316259e-12,4.033149630534179e-14,0.0002726910440709057,2.492993890663786e-13,0.019288892100284137,14.17300006811029,2.1559000994688284e-20,7.425713490547933e-06,0.0005407184661744976
262,1.8172527679862847e-20,1.589708168090043e-12,2.42909567280312e-14,0.0002091722073954439,1.6831410078660404e-13,0.017684993431347357,12.609538217705346,1.210976897518724e-20,6.441117053082113e-06,0.0004720789083623509
263,8.42635144113629e-21,9.20353842517184e-13,1.4063131719277843e-14,0.00015681261893689925,1.1005149116005749e-13,0.01616420227975664,11.138504707334912,6.457719531408612e-21,5.541318480916877e-06,0.0004090565880402709
264,3.712767522842505e-21,5.096069625739429e-13,7.786863604695219e-15,0.00011417384558383667,6.929094904580427e-14,0.014732736622741632,9.73955156496576,3.241704111531783e-21,4.716891595173159e-06,0.00035152234820273943
265,1.555053768128137e-21,2.6943758126247963e-13,4.11704283762702e-15,8.054697910701428e-05,4.19555017655805e-14,0.013402573933287578,8.436551497517323,1.5264961697454382e-21,3.977942090229864e-06,0.0002994106502469046
266,6.128112660626299e-22,1.3520841319337072e-13,2.066002918065086e-15,5.513611411093294e-05,2.4332167337723086e-14,0.012173849771849153,7.249974335139333,6.673257499752325e-22,3.320790631669768e-06,0.0002521939221229757
267,2.2582480253983344e-22,6.358172866190908e-14,9.715374498424125e-16,3.588843641829455e-05,1.3361551099218044e-14,0.011032548471937857,6.143179307624887,2.6578757612940627e-22,2.7401764784889862e-06,0.000212122352096644
268,7.955583779992671e-23,2.853825439217491e-14,4.360684032760168e-16,2.261157341075896e-05,7.061558658885267e-15,0.009976804121322482,5.175166056801863,9.874368639649809e-23,2.247143962589347e-06,0.00017579274329316917
269,2.564432546105197e-23,1.1766366521159997e-14,1.7979167859157869e-16,1.3385175082264902e-05,3.4799853309312653e-15,0.00898534084680599,4.2959543253562185,3.2330006765431686e-23,1.8178933453208037e-06,0.00014500375695065872
270,7.809103886376579e-24,4.5549201028374856e-15,6.959979783622633e-17,7.532808486322321e-06,1.627097897605792e-15,0.008079665453002228,3.5365070821630624,9.547326693337014e-24,1.4600228741558007e-06,0.00011897406341474336
