,SiO2,TiO2,Al2O3,Fe2O3,FeO,MgO,CaO,Na2O,T_pyMelt,T_MELTS,F_MELTS,F_pyMelt,P,Augite,Garnet,Liquid,Olivine,Orthopyroxene,X,Spinel
0,39.2255343954111,2.26087437210452,0.797914660988523,1.33831072871938,19.6798606914704,26.6952990161383,3.79781269329828,6.20439344186948,1644.0625135106163,1560.699999999993,4.3356619694504238e-16,0.00044014368561809446,4700.0,13.9978825289904,14.5540022094796,0.0435402661229398,53.1949211116936,16.5396538837134,0.00044279737743252136,
1,39.2088804157639,2.25276737559994,0.819764974337491,1.36093676039142,19.6687320938539,26.763266753383,3.85301330808473,6.07263831858557,1643.1122457061429,1561.799999999991,1.4452206564834747e-16,0.0011549989365592297,4680.0,13.9222657674597,14.5536254577674,0.113795695988875,53.1188535615929,16.6214595171911,0.0011572835959409644,
2,39.1896401257651,2.24196631869212,0.841555808271638,1.38607893631717,19.6603922232017,26.8440798337886,3.91496026793544,5.92132648602814,1642.112817952419,1563.099999999998,-1.0116544595384323e-15,0.0019719502727263607,4660.0,13.8296587387531,14.556193916541,0.199013936400977,53.0279666950732,16.7171667132318,0.0020239391477776553,
3,39.1739076597423,2.230838905763,0.864325886232734,1.40850699415521,19.6479053690316,26.917310723421,3.97481351433363,5.78239094732052,1641.0816375788775,1564.299999999996,1.1561765251867798e-15,0.002854880512217283,4640.0,13.7417783268647,14.5571243469067,0.282821087366279,52.9399654283686,16.8083108104936,0.0028762441509842303,
4,39.1581236887121,2.21756950680452,0.887421077644441,1.43130613060235,19.6353699763924,26.9964209846407,4.03859437950061,5.63519425570277,1640.0268862655362,1565.599999999994,-5.780882625933899e-16,0.003786786756583384,4620.0,13.6435029709421,14.5594556638377,0.37727804380535,52.842235439879,16.9075278815359,0.003836855932119901,
5,39.1457464941498,2.20407333420772,0.911544159416823,1.45132414188115,19.6188841595864,27.0680582165278,4.10025430902106,5.50011518520926,1638.953319100221,1566.799999999992,-8.6713239389008475e-16,0.004757787818580166,4600.0,13.5500943130382,14.5601032462196,0.470121741431173,52.7475909812363,17.0020897180748,0.004781061135270748,
6,39.1350843639653,2.18940711266949,0.936380670247181,1.47002659892762,19.6004005294181,27.13892955336,4.16283004098485,5.36694113042746,1637.8640313743424,1567.99999999999,-1.0116544595384323e-15,0.005761453589522671,4580.0,13.4538576532346,14.560574562483,0.567616011877394,52.6495649902891,17.098386782116,0.005772561902546461,
7,39.1389514374336,2.18463725229771,0.96541393388661,1.47823407428324,19.5527948949262,27.1613856230882,4.20070674751549,5.31787603656888,1636.7611887732069,1568.3999999999978,0.0006101901759380461,0.006793286833024175,4560.0,13.4314065443877,14.5494673691242,0.609286209368593,52.5864990002664,17.0933408768531,0.006200124243091412,
8,39.0592050871694,2.21114134509784,0.983011016742185,1.54767737644691,19.5761826587825,27.2974188101606,4.3002242017246,5.02513950387595,1635.6463849587922,1570.6999999999948,0.0017288721651575805,0.007849979570845069,4540.0,13.3038295734601,14.5627302163443,0.605104222959838,52.4762333394828,17.212102647753,0.006164468449061102,
9,38.9793491026225,2.23596016360339,1.00037921408101,1.61859512557431,19.5996725381527,27.4345942242027,4.40507910389145,4.72637052787184,1634.5208373460534,1573.0999999999917,0.002745855791720846,0.008929005950711078,4520.0,13.1569586371864,14.5753953822329,0.609506185271762,52.333104038698,17.385035756611,0.006215645372952902,
10,38.9023706283432,2.26784724309225,1.01933946654848,1.68921781213643,19.6125362547115,27.5437590387632,4.498461998008,4.46646755839698,1633.3855032031393,1575.0999999999972,0.003966236143598528,0.01002838081835691,4500.0,12.9557820141463,14.5864820526441,0.596449622091131,52.20448435242,17.5968019586984,0.006089949173893519,
11,38.9163669223862,2.26470950080447,1.05292664233237,1.69072548821257,19.541170469124,27.5506719555911,4.52925801614583,4.45417100540351,1632.241152786858,1575.1999999999962,0.0048815214075059584,0.011146507644543644,4480.0,12.9583037126725,14.5681103848305,0.616615680345334,52.1292006371104,17.5777695850412,0.006301642108792381,
12,38.8390096331438,2.29790632219536,1.07261013450174,1.76117702607271,19.5570864878681,27.6475671947238,4.62203218447564,4.20261101701892,1631.0884176498344,1577.0999999999935,0.006203600122037741,0.01228207808623779,4460.0,12.7564457642762,14.5761095967771,0.596977038372004,51.9708250324409,17.8196425681338,0.006109056880597666,
13,38.8552405926699,2.29611488293297,1.10857163148751,1.76045814671043,19.4821868675244,27.6425899678587,4.64709597509122,4.20774193572483,1629.9278237936642,1576.9999999999927,0.007220583748600863,0.013434003061044641,4440.0,12.6838676576885,14.5568225853054,0.614616536029858,51.8717531540787,17.8929400668976,0.006296010408009195,
14,38.7772779823788,2.32963450744241,1.12896746803726,1.83414703564524,19.4903551517287,27.7435623147816,4.74545863230038,3.95059690768559,1628.7598151528505,1578.99999999999,0.008440964100477677,0.014601363927736368,4420.0,12.4751619277464,14.5669966251867,0.603017173634103,51.7414196965583,18.1134045768745,0.006184791524452338,
15,38.7937446957284,2.32691104701938,1.16658788548657,1.83274135825794,19.4151800913943,27.7384173965549,4.77161490919775,3.9548026163607,1627.5847706776512,1578.8999999999983,0.009457947727041666,0.015783376976258704,4400.0,12.4014905985794,14.5473411004253,0.622077317929372,51.6413626369292,18.1877283461367,0.006386830779562343,
16,38.7205927712209,2.36282698927734,1.18909625523188,1.90479287706465,19.4058568952968,27.8337549622961,4.86894873983881,3.71413050977362,1626.4030170455499,1580.7999999999947,0.010881724804230584,0.01697936700624862,4380.0,12.19662993157,14.5507910779776,0.594274080239381,51.4666957367394,18.4516091734736,0.00611015916347297,
17,38.7373886967997,2.35908675360792,1.22846706005971,1.90261747056619,19.3303111338822,27.8284147420905,4.89623324398646,3.71748089900723,1625.2148383069518,1580.699999999994,0.01189870843079385,0.01818874727911589,4360.0,12.1218621589418,14.5307493280853,0.614838979990433,51.3655937681043,18.5269557648782,0.006328108069065797,
18,38.7523877463628,2.35924947769211,1.26923379560415,1.90057817754466,19.258064275917,27.8099087203078,4.9169747885896,3.73360301798192,1624.020483330623,1580.3999999999933,0.013119088782670665,0.01941100404395804,4340.0,12.0662585108021,14.5085556695358,0.619154436373869,51.2678302264621,18.5782011568261,0.0063804043319648516,
19,38.6786154173902,2.39378132435193,1.29289709690609,1.97396675452022,19.2471288867656,27.9070370730997,5.02114147345304,3.48543197351323,1622.820171637865,1582.3999999999905,0.014542865859860307,0.020645684412706686,4320.0,11.8485315262436,14.5126715329837,0.600589405825721,51.0844644094379,18.853743125509,0.006198033083856774,
20,38.6952731988363,2.39088403495309,1.33547945205765,1.97089520215301,19.1708858266779,27.8954800053808,5.0464683203373,3.49463395960391,1621.6140980355551,1582.199999999999,0.01555984948642386,0.021892386731789365,4300.0,11.7817561194832,14.490541835189,0.61371178993583,50.990435189083,18.9235550663089,0.006339997829915604,
21,38.7101074853635,2.38996461711716,1.37919891797779,1.96837675300913,19.0982407348408,27.8767034782658,5.06870431821475,3.50870369521106,1620.4024363394904,1581.8999999999974,0.016780229838299663,0.023150752844395033,4280.0,11.7246110643629,14.467852947827,0.619826614017967,50.8912080397288,18.9765013340633,0.006411115163611576,
22,38.7302625249515,2.38956558290118,1.42571362309422,1.96450477900163,19.0040850283127,27.8644340522628,5.09094236583502,3.53049204364091,1619.1853423989244,1581.5999999999967,0.018102308552832604,0.024420461804972635,4260.0,11.6709282180551,14.4415192940369,0.617917715943458,50.775980299902,19.0436544720625,0.006399976343277662,
23,38.7500514937922,2.39100105776258,1.47384580346499,1.96052156707102,18.9092647161011,27.8461841085705,5.11001797949272,3.5591132737449,1617.9629565773926,1581.1999999999962,0.019424387267365107,0.025701224723523663,4240.0,11.6262105194352,14.4135704831735,0.60742876056497,50.6684238571518,19.1043663796745,0.006299821204780856,
24,38.7653164156396,2.38812705595849,1.52128931891205,1.95910856640133,18.829566397375,27.834610640629,5.13698188016488,3.56499972491959,1616.7354058055753,1580.9999999999955,0.02054306925658551,0.02699278049910701,4220.0,11.562487388624,14.3933350712857,0.624840058145333,50.5950156914408,19.1343217905041,0.006487800416834529,
25,38.6891012167531,2.42327123909672,1.54855618525156,2.03450726533799,18.8154673626987,27.9287066462599,5.24649011537198,3.31389996923003,1615.5028052937414,1582.9999999999927,0.02206854469642954,0.02829489226065722,4200.0,11.3486729795446,14.3981213992953,0.606763160686761,50.4354760695669,19.3709663909065,0.006309933035428042,
26,38.7031749328559,2.42281514156733,1.59822312313445,2.03145260550056,18.741539334387,27.9034546177779,5.26757536420514,3.33176488057163,1614.2652599707887,1582.5999999999913,0.023288925048306645,0.029607344375699556,4180.0,11.2981723695056,14.3732310698847,0.606871482727606,50.3417261183713,19.4199989595108,0.006318945051307852,
27,38.7179429557301,2.41960838224124,1.64883802846977,2.02804427207382,18.6672561342042,27.883631596073,5.29285622922997,3.34182240197794,1613.0228657017544,1582.2999999999906,0.024509305400182882,0.03092993991928279,4160.0,11.2366848316597,14.3496825227184,0.617873023358497,50.2384689833314,19.477290638932,0.006441545281051887,
28,38.7379322853052,2.41695513154668,1.70259232889403,2.02339837220261,18.5712413585599,27.870356835379,5.31821688882354,3.35930679928907,1611.7757103243628,1581.99999999999,0.025831384114715823,0.03226249851876501,4140.0,11.1787919836629,14.3224024587533,0.620689549878382,50.119237971474,19.5488780362314,0.0064796904674640585,
29,38.7579504983698,2.41391441988067,1.75773192437702,2.01864365079135,18.4747437530854,27.8568180332241,5.34410798629589,3.37608973397578,1610.5238745366298,1581.6999999999985,0.027153462829247747,0.03360485450789726,4120.0,11.1199421250541,14.2949613009109,0.624522572948656,49.9991535525158,19.6214204485706,0.006528565470924688,
30,38.7755594729918,2.41645232136551,1.81503782999815,2.01612870873026,18.3753118478624,27.8325934063247,5.36280244725722,3.40611396546991,1609.2674326610247,1581.199999999997,0.0285772399064371,0.03495685533730166,4100.0,11.0864635941579,14.2671600597432,0.611015374765823,49.9184950021034,19.6368659692297,0.006396727122757777,
31,38.7902561822837,2.41179332194745,1.87096634527767,2.01236670864346,18.2995331937616,27.8117194829431,5.39016068688657,3.41320407825646,1608.0064533056532,1580.8999999999965,0.029797620258312903,0.03631836019870113,4080.0,11.0212714061948,14.2430119927112,0.625837501433271,49.8120578285204,19.6978212711404,0.006560141524457762,
32,38.7122151618533,2.44582810549869,1.90266013645889,2.08777470435128,18.2850116317667,27.9018423420706,5.50639585900794,3.15827205899267,1606.7409999390188,1582.8999999999937,0.03132309569815881,0.037689238828575625,4060.0,10.805586666458,14.2458247629931,0.606755320043119,49.653289500557,19.9385437499488,0.006370134593628544,
33,38.7271732104137,2.44002225908662,1.96068870210881,2.08319765810641,18.2089244595494,27.8806874177668,5.53514209956466,3.16416419340359,1605.4711313918417,1582.5999999999922,0.032543476050035915,0.03906937046324342,4040.0,10.7392700290092,14.2212339325091,0.623183670649255,49.5457751706134,20.000537197219,0.006550863772198626,
34,38.7450584559094,2.43865724339771,2.02259155147812,2.08000763726739,18.1087082817537,27.8614714529393,5.55997535458646,3.18353002266789,1604.1969022969886,1582.1999999999916,0.0339672531272244,0.04045864292236368,4020.0,10.6931316657724,14.1941781330406,0.622330008177609,49.4542087038942,20.0261514891152,0.006551531826272333,
35,38.7630288975236,2.4368454080651,2.08597930284388,2.07666380749629,18.007964507618,27.8419606124841,5.58538662614115,3.20217083782797,1602.9183634766296,1581.799999999991,0.035391030204413754,0.04185695180193677,4000.0,10.6458773226228,14.1670086718644,0.622674041807987,49.3616446604346,20.0527953032702,0.006564829117638241,
36,38.7802881747422,2.43703296723122,2.15126413458539,2.07357391077416,17.9065886020633,27.8166297017485,5.60750055300073,3.22712195585445,1601.6355622841863,1581.2999999999906,0.03681480728160195,0.04326419976109204,3980.0,10.6077115421583,14.1384230049172,0.61436473001666,49.2764523917743,20.0730483311336,0.006486798965438282,
37,38.8005589075718,2.43051807785534,2.21722608485135,2.06748154339506,17.8070642809689,27.8011334095984,5.63821148352184,3.23780621223731,1600.348542907377,1580.9999999999982,0.03813688599613547,0.04468029588956028,3960.0,10.5419042795519,14.1095181630772,0.625805244463691,49.1502334267671,20.1525388861401,0.006616676300102465,
38,38.8180416154716,2.42977076031982,2.28555921293367,2.06406473684546,17.7046065889214,27.7751808127915,5.66151227429389,3.26126399842261,1599.057346637649,1580.4999999999977,0.039560663073325834,0.04610515514481377,3940.0,10.5014496428026,14.0806781861917,0.619969297734364,49.0629779879479,20.1749248853233,0.006564689726115682,
39,38.836338453932,2.42616697550078,2.35498899023034,2.06013899657304,17.6018305314813,27.7544141096616,5.68933703906646,3.27678490355438,1597.7620121104555,1580.0999999999972,0.04098444015051374,0.04753869784968118,3920.0,10.4496520334719,14.052955934118,0.625068536249172,48.9664973097051,20.2058261864558,0.006628510458633852,
40,38.7569284957301,2.45593464968584,2.39150531512128,2.13481787434088,17.5874530397731,27.8459525454099,5.81786351905928,3.00954456087967,1596.4625755201434,1582.1999999999935,0.04250991559036008,0.04898084924251829,3900.0,10.2226928156655,14.0546967836349,0.614491607723479,48.800561903522,20.457556889454,0.006526729768703981,
41,38.7751556002209,2.45130942910377,2.46321013228365,2.13036570302555,17.484482348218,27.8249821350779,5.84725037817346,3.02324427389666,1595.1590708126596,1581.799999999993,0.04393369266754741,0.05043153907334784,3880.0,10.1699736371211,14.0265009848776,0.620875618598754,48.7031768407796,20.489472918623,0.006604357181137684,
42,38.792476458337,2.44878380313128,2.53687954456915,2.1263819483659,17.380966019294,27.7982809496186,5.87328339683563,3.04294787984837,1593.851529858811,1581.2999999999925,0.04535746974473619,0.051890701240249235,3860.0,10.1264537746753,13.9969534823309,0.618446794138375,48.613121478265,20.5150244705905,0.006588332738237717,
43,38.8099680343114,2.44574598306875,2.61211860112412,2.12219534404357,17.2769019379418,27.7712397252855,5.89997283895916,3.06185753526577,1592.5399826104197,1580.799999999992,0.04678124682192669,0.053358273461120764,3840.0,10.0816623223459,13.9672684801159,0.617374921911035,48.5219654326029,20.5417288430242,0.006586737671087544,
44,38.8285469325562,2.43969362846603,2.68845483271023,2.11723617168749,17.1724610267088,27.7492223058759,5.93138433180581,3.07300077018957,1591.2244572413888,1580.3999999999905,0.048205023899115323,0.05483419697665615,3820.0,10.0252360955723,13.9385560871649,0.627543378851972,48.4215855368185,20.5770789015923,0.006705239650090524,
45,38.8463224650468,2.43567287958991,2.76681573698218,2.11269308787673,17.0673951768207,27.7214748513567,5.95943787771677,3.09018792461015,1589.90498027542,1579.89999999999,0.04962880097630482,0.0563184162809148,3800.0,9.97790464679521,13.9085339342945,0.629079917168522,48.3283553710594,20.6061261306823,0.006731727310524584,
46,38.7667466369548,2.46159217491077,2.80647652626954,2.18645708004473,17.0523512146306,27.8134847672139,6.09966652265574,2.81322507731987,1588.581576701885,1582.0999999999963,0.05115427641614885,0.057810878876309806,3780.0,9.73872384185743,13.909502651775,0.627734737247534,48.1550687555529,20.8689700135672,0.006728132232020724,
47,38.7843631632307,2.45657411759931,2.88708395549853,2.18147020835484,16.9472190865181,27.7855483492702,6.12941665875765,2.82832446077062,1587.2542700811607,1581.599999999995,0.052578053493339216,0.05931153505036466,3760.0,9.69050494007709,13.8789566341985,0.630488268176944,48.0609769851648,20.8990731723826,0.006767800216583774,
48,38.8012082037033,2.4523617570848,2.96916247341054,2.17548679040877,16.8475501679938,27.7499152282149,6.15597303647209,2.84834234271184,1585.9230826405674,1580.9999999999945,0.05410352893318325,0.06082033767181121,3740.0,9.64635514908216,13.8453229451767,0.625004251094817,47.9377392728556,20.9555783817908,0.006719753264109413,
49,38.8204818531878,2.44361285872331,3.05243371553898,2.16917385891093,16.7413913642965,27.7264753874342,6.1913779568466,2.85505300506172,1584.5880353619063,1580.599999999994,0.05552730601037318,0.06233724200398618,3720.0,9.58480244630832,13.8153831422362,0.640871075167375,47.8332297402717,20.9957135960164,0.006900733015692635,
50,38.735169252449,2.47673848304532,3.0943437026351,2.24523910796552,16.7338778872276,27.794471578904,6.32542886934952,2.59473111842388,1583.2491480614672,1582.4999999999905,0.05735787653818804,0.06386220553369479,3700.0,9.39732578554568,13.76839248337,0.604575048487576,47.6766099752097,21.243096707387,0.006522548802325777,
51,38.7517511758967,2.46399824408685,3.17690592069136,2.23611886021667,16.6517246857786,27.762648493594,6.36329291832679,2.59355970140901,1581.9064394632742,1582.099999999999,0.05857825689006355,0.06539518781398805,3680.0,9.32339292470914,13.7383869614056,0.631344716490091,47.5626692637561,21.3142061336391,0.006820187063736533,
52,38.7661691720064,2.46104314417108,3.26419865435062,2.23104691814182,16.5538220276309,27.7202398068816,6.38881175015026,2.61466852666726,1580.559927266245,1581.3999999999987,0.06030712905522316,0.06693615031933448,3660.0,9.31382407715597,13.6610733296311,0.616124545766715,47.4717850857878,21.3371929616583,0.006668014564574846,
53,38.7852761807874,2.45169566912883,3.35276461840894,2.22275853956874,16.4511567417422,27.6888559899889,6.42369390682755,2.62379835354752,1579.2096282058594,1580.8999999999974,0.06183260449506748,0.06848505631207133,3640.0,9.28060827076828,13.5841484615536,0.621898042013123,47.3760481330998,21.3872970925652,0.006741442189844152,
54,38.8031749137082,2.4446062810546,3.44333571376936,2.21535818812471,16.3480860449832,27.6519878939565,6.45507348329006,2.63837748111339,1577.8555581108646,1580.299999999997,0.06335807993491194,0.07004187071898281,3620.0,9.25697621643694,13.5060340112193,0.618506441732955,47.2874815854715,21.4310017451394,0.006715596544331752,
55,38.8228767397592,2.43416025350247,3.53496446624824,2.20654237639422,16.2443980815665,27.6198167009711,6.49161480627982,2.6456265752785,1576.497731955487,1579.7999999999956,0.06488355537475973,0.07160656001700129,3600.0,9.22108644809733,13.4284797114767,0.627290131851626,47.1895085041279,21.4836352044463,0.006822078649827373,
56,38.8374448565282,2.43146163230122,3.6290372420321,2.20124944410467,16.1441618857679,27.5708856796904,6.51592590926164,2.66983335031385,1575.1361639075644,1578.9999999999955,0.06661242753991616,0.07317909212718261,3580.0,9.21686445279184,13.349410006815,0.607969033547297,47.1017677562792,21.5039887505667,0.00662419953745148,
57,38.851304383307,2.42172585493967,3.72078698637638,2.19363090993038,16.0623347853641,27.5258339224761,6.55000419517071,2.67437896243564,1573.7708673729724,1578.399999999995,0.06803620461710594,0.07475943631617284,3560.0,9.18392310640395,13.2740928138382,0.619096552098003,47.0250993206575,21.5377882070023,0.006755745876233121,
58,38.8706028072216,2.41232155436161,3.817452177946,2.18508853009801,15.9572014854126,27.4874422140768,6.5846873341502,2.68520389673325,1572.4018550366727,1577.7999999999938,0.06956168005695142,0.07634756310452913,3540.0,9.15475527143861,13.1948018426265,0.621973695025634,46.9318090300726,21.5866601608366,0.006798269701886921,
59,38.8905889086645,2.40104157962942,3.91496601532441,2.17458728056836,15.8574687225469,27.4465956300864,6.62046980541008,2.69428205777,1571.0291389006832,1577.1999999999935,0.07118885385945331,0.07794344418115418,3520.0,9.11938835073622,13.1130064789299,0.626890913393619,46.8012343177487,21.6694799391915,0.006864019636413221,
60,38.9068886105052,2.3958406978775,4.01516856288885,2.1680041582356,15.7549991426158,27.3962201790288,6.64804234269325,2.71483630615503,1569.6527303192304,1576.3999999999933,0.07291772602461088,0.07954705232338419,3500.0,9.10940088414155,13.0328997027453,0.614179619073737,46.7083940392992,21.6951257547402,0.006737380639246786,
61,38.9207465743666,2.38659623589802,4.11318827724911,2.16039768979219,15.6714472178333,27.3446688217525,6.6810823727389,2.72187281036943,1568.2726400313272,1575.699999999992,0.07434150310179981,0.08115836132219868,3480.0,9.08174797963533,12.9555210663235,0.621035581692283,46.6352103237749,21.726485048574,0.006823067256562107,
62,38.9407023216033,2.37619749874591,4.21572013001371,2.15004666024142,15.5701223229085,27.2976556663757,6.71502828415219,2.73452711595924,1566.8888781909866,1574.9999999999918,0.07596867690430213,0.08277734591208898,3460.0,9.05292391799773,12.8719484617456,0.620401189274824,46.5089755560906,21.8057508748912,0.006828100256161394,
63,38.9610868162894,2.36523000829112,4.31971309694945,2.13942968471677,15.468296125886,27.2502588131626,6.74986813481931,2.74611731988537,1565.5014543952652,1574.2999999999915,0.0775958507068033,0.08440398170522125,3440.0,9.02267634479241,12.7879548477203,0.621387871702816,46.3815539068047,21.8864270289798,0.0068510239438017186,
64,38.9792287254313,2.35758972440767,4.42584625587012,2.13163677551421,15.3637633947473,27.1984166461185,6.78089059185301,2.76262788605789,1564.1103777103103,1573.4999999999905,0.07932472287196074,0.08603824512938933,3420.0,9.00667527784778,12.7065660948751,0.61538929977271,46.2836603927878,21.9177089347167,0.006797628407961,
65,39.0001629192379,2.34675538830744,4.53344231616084,2.12216101598747,15.2551415898777,27.1522806985879,6.81733807924579,2.77271799259501,1562.7156566955684,1572.7999999999902,0.08085019831180737,0.0876801133696488,3400.0,8.97794289340259,12.6240544571278,0.619314742316787,46.1898693789436,21.9688185282092,0.006852342800584058,
66,39.0192570840682,2.33792430266729,4.64247407817652,2.11380455354777,15.1496521637846,27.0996851090018,6.85017822515429,2.78702448359957,1561.3172994262952,1571.9999999999982,0.08257907047696451,0.08932956431310649,3380.0,8.95876734336692,12.5419448818225,0.61672190006314,46.0894677540214,22.0030981207261,0.006836513690978157,
67,39.0410627781583,2.32597769139227,4.75289076156811,2.10383547309677,15.040192202447,27.0527649938199,6.88851777245866,2.79475832705898,1559.9153135144975,1571.299999999998,0.0841045459168113,0.0909865764967056,3360.0,8.92688973961908,12.4585817525542,0.623980344871654,45.9933006121795,22.0572475507755,0.0069284959457212355,
68,39.0602705396346,2.31830711480778,4.86555872825204,2.09568478735135,14.9334030360875,26.9944096746639,6.91867035098296,2.81369576821993,1558.5097061284232,1570.3999999999978,0.08583341808196916,0.0926511290577531,3340.0,8.9149690782998,12.3752874687053,0.614870406715746,45.8977939632543,22.0870790830248,0.0068402537180525785,
69,39.0770616430101,2.30489702707963,4.97430675745312,2.08628692109975,14.847043121216,26.939987817523,6.95901078663692,2.81140592598152,1557.100484010704,1569.6999999999966,0.08725719515915809,0.0943232016868664,3320.0,8.87552573511195,12.2945660810631,0.634431887305424,45.8156602414764,22.1298160550431,0.007068878967191356,
70,38.9906549304445,2.32267611724041,5.02456433944267,2.15485101199788,14.844467881583,27.0163694099974,7.12797129360358,2.51844501569054,1555.6876534952482,1571.7999999999938,0.0890877656869728,0.096002774583291,3300.0,8.67469893480621,12.2421794623084,0.62023435628965,45.6414622442636,22.3914250023321,0.006924576937475163,
71,39.011522686453,2.31094448093789,5.13938874140134,2.14500720064306,14.737724133242,26.9626001798046,7.16606979205507,2.52674278546303,1554.2712205229727,1570.9999999999927,0.09081663785213182,0.09768982841219535,3280.0,8.64952714059945,12.1579015941486,0.624946952449305,45.5359332753657,22.4316910374368,0.0069904580810884335,
72,39.0306071579428,2.30354189062545,5.25712880026414,2.13695427074153,14.6301181802293,26.8987865438604,7.19575297005254,2.54711018628392,1552.8511906564484,1569.9999999999927,0.09254551001728868,0.09938434426393222,3260.0,8.64435277204006,12.0727456625393,0.61045446740223,45.4442031273566,22.4582439706618,0.0068413590429477755,
73,39.0494343468843,2.28752735785504,5.37001000567154,2.12569669382209,14.5427315641,26.8433114715042,7.24069742946852,2.54059113069432,1551.4275690935388,1569.2999999999915,0.09396928709447804,0.10108630361501632,3240.0,8.59949562949256,11.9898821869863,0.637085920142507,45.3576517245474,22.5058845388312,0.007151037379532016,
74,39.0708683286159,2.2764830487158,5.48949664742842,2.11598518867844,14.4345630277178,26.7835981715515,7.27714360851476,2.55186197877743,1550.0003606800922,1568.3999999999915,0.09569815925963648,0.10279568829066363,3220.0,8.5799027329081,11.903942511197,0.636892709282937,45.25581091939,22.5434511272219,0.0071625360918009156,
75,39.090161957215,2.26861324815826,5.61110605320784,2.10918669553099,14.323810118789,26.7196911107473,7.30962605026242,2.56780476608928,1548.5695699217513,1567.3999999999915,0.09752872978744975,0.10451248042883052,3200.0,8.57370106131072,11.8213917716348,0.629900302276735,45.1830108988725,22.5319959659053,0.007098267999512448,
76,39.1119502555832,2.25863507697793,5.73406959171959,2.09974682613325,14.2144348636858,26.6544276187529,7.34336114269592,2.58337462445133,1547.1352009949337,1566.3999999999905,0.09925760195260776,0.10623666244549407,3180.0,8.56101331656316,11.7344761537276,0.623289482407308,45.0857276874525,22.5654933598495,0.007037252821579626,
77,39.1344854545749,2.24799967118744,5.85831215267277,2.08994842659792,14.1046134978409,26.588796232213,7.37813932555815,2.59770523935492,1545.6972577570343,1565.3999999999905,0.10098647411776679,0.1079682170011397,3160.0,8.54636175984146,11.6470787310833,0.618722860987815,44.9870154925185,22.6008211555689,0.006999127386739991,
78,39.1525391816777,2.23426086210325,5.97782634587118,2.07992823331108,14.0190407879714,26.5210160780848,7.41876065998034,2.59662785100018,1544.2557437558958,1564.4999999999986,0.10261364792026825,0.1097071269684051,3140.0,8.51482313424912,11.5625938743663,0.635570164342801,44.8963787292306,22.6306340978112,0.007202744382851325,
79,39.0616901813573,2.25234731608485,6.0299910568326,2.15017959046658,14.0157559353953,26.5895829653223,7.59847194610055,2.30198100844051,1542.8106622385892,1566.499999999996,0.10454591681073995,0.11145337540057781,3120.0,8.33143407786183,11.5106570345894,0.613529445100605,44.7513773137632,22.8430021286849,0.006967966440665594,
80,39.0795886998137,2.23953143307861,6.15169988351282,2.14007659194561,13.9297626352467,26.5170153984993,7.63694046825161,2.30538488965163,1541.362016159542,1565.499999999995,0.1061730906132417,0.11320694550103708,3100.0,8.30867875210867,11.4251696653086,0.62319055168316,44.6659636379602,22.8669973929393,0.00709057403212152,
81,39.103901589692,2.22652636200385,6.27946284903885,2.12896342472737,13.8194568908141,26.450833285499,7.67659069988052,2.31426489834439,1539.9098081880504,1564.499999999995,0.10790196277839971,0.11496782059345352,3080.0,8.28883704179677,11.3356167745445,0.625036765944266,44.562977072274,22.9075323454404,0.007125362128867606,
82,39.1290286286414,2.21288588584146,6.40836194183423,2.1174677612377,13.7087607815295,26.3842713348514,7.71740650254549,2.32181716351877,1538.4540407152076,1563.499999999994,0.1096308349435573,0.11673598409269861,3060.0,8.266886073564,11.2454141957194,0.629099845328586,44.458567829061,22.950032056327,0.007185606457208293,
83,39.1549627164067,2.19862882322783,6.53835926307179,2.10560507203433,13.5977027876823,26.317330117244,7.75940909216651,2.32800212816648,1536.9947158602754,1562.499999999994,0.11135970710871458,0.11851141947632622,3040.0,8.24281276665395,11.1545211099861,0.63538793905753,44.3527576504363,22.9945205338662,0.007271548856231739,
84,39.1782575692044,2.19233035472862,6.67409082614141,2.09776322053367,13.4827920888485,26.232223273397,7.78233116813617,2.3602114990102,1535.5318354765288,1561.0999999999945,0.113291975999186,0.12029411025662733,3020.0,8.16689576157298,11.0683541526518,0.614981340018245,44.2627129427425,23.0770558030145,0.0070533471730501755,
85,39.1987906272974,2.17885747629986,6.80196233909624,2.0870871653529,13.3949773635897,26.1534214765719,7.82145836268836,2.36344518910355,1534.0654011565957,1559.9999999999936,0.1149191498016879,0.12208403995310285,3000.0,8.14485125734548,10.9800362458362,0.624483953706937,44.1777791880543,23.1028493550571,0.007175502168297563,
86,39.2272312460215,2.16274413148201,6.9350876316784,2.07414450004146,13.2829605136699,26.0854032198411,7.86701025435627,2.36541850290947,1532.5954142373143,1558.9999999999936,0.11664802196684619,0.12388119206533758,2980.0,8.11427773730484,10.8870718210255,0.637476297712263,44.0677786555577,23.1533954883997,0.007339123851165819,
87,39.2536787267864,2.15418853918078,7.07424203492173,2.06490245308262,13.166756850685,25.9991977795699,7.89329732327934,2.39373629249412,1531.121875804129,1557.599999999993,0.11858029085731617,0.12568555004618595,2960.0,8.03105376398616,10.7992436751123,0.624488289094132,43.9728211514178,23.2423931203897,0.007205356975817831,
88,39.2813971611878,2.14477859191553,7.21459411407909,2.05509197055239,13.0500203463928,25.912583750536,7.92071177984009,2.42082228549622,1529.6447866950418,1556.1999999999935,0.12051255974778774,0.12749709727522157,2940.0,7.94511037731427,10.7108584356586,0.614336610354944,43.8759855306464,23.3337090460258,0.007103799842217205,
89,39.3043823660898,2.13107377655387,7.34733698119157,2.04407564682486,12.9607229508309,25.8279602447163,7.95942109885693,2.42502693493578,1528.164147504136,1554.9999999999927,0.12213973355028948,0.12931581703232028,2920.0,7.92508041707905,10.6203205120828,0.622056986456567,43.7925037652902,23.3600383190914,0.007206406237912035,
90,39.3302501100563,2.11687962663806,7.48278615933048,2.03131501287685,12.8702132453631,25.7379726858739,7.99429380280705,2.43628935705436,1526.6799585846877,1553.699999999993,0.12386860571544822,0.1311416924714544,2900.0,7.81624728380942,10.5288752057082,0.634343047387038,43.6800711671009,23.4904632959944,0.007363239087487385,
91,39.3612626743856,2.10639650193832,7.62679645706001,2.01938813291911,12.7558940496582,25.6441250811517,8.02020323381145,2.46593386907555,1525.1922200518768,1552.1999999999925,0.12590257296857504,0.1329747065944408,2880.0,7.7580315454197,10.3934130716677,0.616276168100002,43.5887201181254,23.5935590966872,0.00717017065852242,
92,39.3867765619326,2.09101286930539,7.76195699363402,2.00748019538336,12.6660372686704,25.5587261376336,8.06251166974422,2.46549830369638,1523.7009317851102,1550.9999999999927,0.12752974677107679,0.13481484222479764,2860.0,7.73157366872425,10.3005285912621,0.630589811277653,43.5013179075212,23.6259900212148,0.0073503882885843684,
93,39.4200752459847,2.07911373056618,7.90786199001428,1.99470615866153,12.5510455276751,25.4641957660117,8.09078821867291,2.49221336241355,1522.206093429967,1549.4999999999923,0.12956371402420433,0.13666208198146895,2840.0,7.66849816763173,10.163593812496,0.617526819743352,43.4067687152385,23.7336124848904,0.0072149412284537,
94,39.448896503489,2.06628822015239,8.04936054444885,1.98215141015601,12.4580953105175,25.3637797456408,8.11998360410798,2.51144466148742,1520.7077043997747,1547.9999999999927,0.13129258618936349,0.1385164082524988,2820.0,7.57136016990786,10.0704980231456,0.618811467393622,43.3015325094034,23.8577978301494,0.007244339351365288,
95,39.4774971406621,2.05331335981243,8.19090343920394,1.96984091263331,12.3673658785828,25.2626674926585,8.15031050778843,2.52810126865851,1519.2057638768244,1546.4999999999923,0.13322485507983375,0.14037780316847015,2800.0,7.49986574372258,9.93546281253003,0.619335138330134,43.2214066644817,23.9539296409355,0.0072666330908146715,
96,39.5069631635127,2.04146651854805,8.33469117812716,1.95779992252664,12.2754645869131,25.1566482121985,8.17655479638714,2.55041162178675,1517.700270813231,1544.8999999999928,0.13515712397030372,0.1422462485758106,2780.0,7.43601934650578,9.80053168302802,0.612393749461114,43.145908828874,24.0451463921311,0.007201243526118461,
97,39.5396981026625,2.02751890658568,8.4793544994478,1.94305176879228,12.1847856380459,25.0492648712182,8.20419186521183,2.57213434803582,1516.1912239314443,1543.2999999999925,0.1369876944981183,0.14412172600971426,2760.0,7.36667780110708,9.65994295452501,0.606090332300732,43.0458494149823,24.1814394970849,0.007142238184076501,
98,39.5708823901023,2.00987514870808,8.61927213788883,1.92858039958644,12.0973760993695,24.9564228288102,8.24886393210627,2.56872706342839,1514.6786217244144,1541.9999999999927,0.13871656666327703,0.1460042166668326,2740.0,7.36246400658885,9.51667190590954,0.61834483065257,42.9606983666839,24.2318208901651,0.007301273239491915,
99,39.466165797411,2.01793054071584,8.65918550144189,1.99237964657013,12.1361824027521,25.023082813894,8.46647636028433,2.23859693693079,1513.1624624554158,1543.9999999999982,0.14075053391640327,0.14789370137752172,2720.0,7.12125899027096,9.41108784342034,0.61029087720265,42.8031443538988,24.5442179352073,0.007223232065364535,
100,39.4999505153165,2.00260313016097,8.80434821761033,1.97692968255521,12.0463792207645,24.9164173336243,8.49855915979074,2.25481274017745,1511.6427441575318,1542.3999999999987,0.1425811044442177,0.14979016057762115,2700.0,7.04942338298855,9.26779285518015,0.608141470198556,42.7006286045083,24.6840136871245,0.007213159414050001,
101,39.5353061747214,1.98488398892302,8.94858246853526,1.9602691125097,11.9571384256397,24.8139842885942,8.53741129277906,2.26242424829774,1510.1194646327986,1540.8999999999983,0.14441167497203256,0.1516935742797799,2680.0,6.96495019904164,9.12209807563167,0.619178413036518,42.5905045989533,24.8332687133369,0.0073597814458162105,
102,39.568949521041,1.97153253654616,9.09632880365698,1.94722664893822,11.8646213330438,24.7035218518236,8.56640265309047,2.28141665185985,1508.592621451012,1539.199999999999,0.1463439438625034,0.15360392204420031,2660.0,6.90152913176698,8.98298906812801,0.61374632663094,42.5141511886005,24.9275842848736,0.007311726550285201,
103,39.6038635358045,1.95752465330993,9.2446638890167,1.93376554416419,11.7718747361519,24.5928418627925,8.59668751595986,2.29877826280047,1507.0622119481952,1537.4999999999986,0.14827621275297512,0.15552118294873557,2640.0,6.83555726110147,8.84288483472594,0.61106117189203,42.4362307526792,25.0242659796013,0.0072962527987108115,
104,39.6400023400944,1.94289614182378,9.39352974441785,1.91992457649963,11.6789507912033,24.4819613275703,8.6282857208,2.31444935759073,1505.5282332247223,1535.7999999999902,0.1502084816434461,0.15744533555833948,2620.0,6.76710368738527,8.70173833411419,0.611067261288975,42.3568122312958,25.1232784859157,0.0073129160039369975,
105,39.6773363981879,1.9292534210621,9.54460313049873,1.90636123239371,11.5848466139684,24.3663668580721,8.65565820655256,2.33557413926453,1503.9906821431005,1533.99999999999,0.15214075053391507,0.15937635789377144,2600.0,6.70608994791149,8.56098833293116,0.603574211892361,42.2816491195378,25.2176983877273,0.007239705072476433,
106,39.7179886883364,1.91051543640798,9.69275780400228,1.88893126023986,11.4941399341018,24.258503950288,8.69571869362053,2.34144423300321,1502.449555325402,1532.3999999999987,0.15397132106173136,0.16131422739942355,2580.0,6.62058560460698,8.41082144070132,0.616968091332936,42.1707045609324,25.3709203024263,0.007416373257998995,
107,39.7577468248547,1.89571143507007,9.84469814895716,1.87469758468565,11.3998011880903,24.1425647172945,8.7257786517034,2.35900144934422,1500.9048491503438,1530.5999999999904,0.15590358995220222,0.16325892091038977,2560.0,6.55481028318531,8.26777647701378,0.614788796486746,42.0926714069237,25.4699530363904,0.007407093933575258,
108,39.7987337599818,1.88032838777044,9.99703105668667,1.86013222870589,11.3053710851107,24.0264708113377,8.75719457519757,2.37473809520929,1499.356559750008,1528.7999999999902,0.15783585884267276,0.1652104146184804,2540.0,6.48660335321951,8.12357319731495,0.615302969528822,42.0131991652553,25.5713213146814,0.007430297905190462,
109,39.8408982380918,1.86440124569251,10.149695696244,1.84527161317714,11.2109030028957,23.9102456600616,8.78998865096733,2.38859589286998,1497.804683006196,1526.999999999991,0.1597681277331433,0.16716868403730242,2520.0,6.41604215030972,7.97815994150241,0.618462332870481,41.9323555539143,25.6749800214031,0.007485624943966122,
110,39.8846780698937,1.84930414557607,10.3046049846708,1.83054574845244,11.1151126001207,23.789290155465,8.81850902626154,2.40795526955977,1496.2492145464091,1525.0999999999908,0.16170039662361416,0.16913370396616614,2500.0,6.35252054191449,7.83319676177158,0.61449756290423,41.8554124070783,25.7743727263314,0.007454780576297827,
111,39.929134125988,1.83234682471193,10.457796678189,1.81515700219436,11.0206723684142,23.6728592160653,8.85410498269166,2.41792880174564,1494.6901497394463,1523.2999999999915,0.16363266551408556,0.1711054484529142,2480.0,6.27737908618639,7.68524896768149,0.622894131456674,41.7719307085747,25.8825471061007,0.0075741017930043095,
112,39.8131576127628,1.83635804797437,10.4837110460906,1.87665463628259,11.0721227673455,23.7486506615,9.10898592864638,2.06035929939772,1493.1274836906086,1525.399999999997,0.16566663276721283,0.17308389075546213,2460.0,6.04621997843352,7.56808593790243,0.619330285062301,41.6119780829712,26.1943857156305,0.007549125854001724,
113,39.8580602323137,1.81997957151916,10.6379400121656,1.86117855624007,10.9776281857056,23.6288666734652,9.14281066344445,2.07353610514615,1491.5612112364995,1523.4999999999977,0.16759890165768193,0.17506900330197625,2440.0,5.97986504315938,7.41953599295871,0.620575123739235,41.532431739866,26.2975921002768,0.007581858567369994,
114,39.9042573265826,1.80304801568907,10.7923677258761,1.84533859087706,10.883091092698,23.5089570873466,9.17813906072352,2.08480110020713,1489.9913269394076,1521.5999999999976,0.1695311705481541,0.1770607576496916,2420.0,5.91100643221619,7.26952997369499,0.624817744578023,41.451449565278,26.4031962842328,0.00765145413394591,
115,39.9499012290327,1.78971630099342,10.9507455386583,1.83274974508487,10.7850211385373,23.381399512963,9.20298142720782,2.10748510752257,1488.4178250812597,1519.4999999999977,0.17156513780128146,0.17905912444216796,2400.0,5.86099319134024,7.12820211950803,0.61295126590042,41.4027092829976,26.4551441402537,0.007524567467473855,
116,39.9986723390539,1.77169747195851,11.1054686944428,1.81621043167425,10.6904856803275,23.261293031128,9.24134191598153,2.11483043543347,1486.8406996571284,1517.5999999999985,0.17349740669175145,0.18106407336498048,2380.0,5.78712898095884,6.97526798090258,0.623180970306256,41.3189014917663,26.5655205760661,0.00766803211894002,
117,40.0471378130376,1.75715619781758,11.2642099638297,1.80280272512683,10.5923344947543,23.1335298908828,9.26917013226932,2.13365878228186,1485.2599443682764,1515.4999999999986,0.17553137394487914,0.18307557309966058,2360.0,5.73164512938062,6.83119016165877,0.61758726088413,41.2670826642758,26.6224947838007,0.007617950670829281,
118,40.098807198353,1.73944045280398,11.4211001303196,1.78621446060036,10.4967030807269,23.0088971875388,9.30468582560751,2.14415166404985,1483.6755526147222,1513.4999999999905,0.17746364283534968,0.18509359127585348,2340.0,5.66256251314616,6.67741842738309,0.623290368951708,41.1857061273898,26.7310225631293,0.007706359655683823,
119,40.1499225684938,1.72380031031074,11.579985975189,1.77210765194839,10.3986570158857,22.8810282116272,9.335575275241,2.1589229913042,1482.087517487306,1511.3999999999905,0.17949761008847795,0.18711809442151403,2320.0,5.60191143586919,6.53039662394654,0.623839742091017,41.1310246041872,26.792827593906,0.007732272460225798,
120,40.204195442703,1.70787673350814,11.7404607866637,1.7563325282511,10.302756746325,22.7471431854827,9.36210891831585,2.17912565875058,1480.4958317592368,1509.1999999999907,0.18163327570426105,0.18914904791104423,2300.0,5.57330134596076,6.337574134829,0.611958449776741,41.0826415147705,26.864524554663,0.007604802408061898,
121,40.26033914898,1.68987001991417,11.8994786415889,1.73930336626459,10.2060587638495,22.6179916030045,9.39630910586902,2.1906493505292,1478.9004878770947,1507.0999999999917,0.18356554459473073,0.19118641591130028,2280.0,5.50632535770245,6.18130267093887,0.616448835767683,41.0020713194758,26.9738518161153,0.007678734875033409,
122,40.3173096690002,1.67290423379667,12.0598887116106,1.72287916206142,10.1103279190845,22.4841035163646,9.42595138425478,2.20663540382729,1477.3014779512682,1504.899999999992,0.18570121021051555,0.19323016132522683,2260.0,5.47259857535747,5.98520307127918,0.610748166824045,40.9508040632691,27.0506461232702,0.007627677867166792,
123,40.3780691031672,1.65413358307812,12.2203514307987,1.70388471978208,10.0158133814421,22.3489678285199,9.45737032634522,2.2214096268667,1475.6987937457977,1502.699999999993,0.18773517746364352,0.19528024573306993,2240.0,5.435257055916,5.78108656265146,0.605963397090561,40.8749999036151,27.1726930807268,0.007586871129216998,
124,40.4400561550511,1.63493433499796,12.3806290523593,1.68466464541963,9.92147448132521,22.213905336023,9.49039494420078,2.23394105062306,1474.0924266675968,1500.4999999999932,0.18976914471677034,0.19733662933098597,2220.0,5.39567759560366,5.57506133164964,0.604182058776569,40.797867712523,27.2972113014471,0.007583557911090365,
125,40.5031802555515,1.61534738592213,12.5406495832935,1.66526403242739,9.82737701683088,22.0789612189675,9.525054805838,2.24416570116903,1472.4823677550226,1498.2999999999934,0.19180311196989658,0.1993992708668205,2200.0,5.35397658013695,5.36705492564612,0.605358198866078,40.7194837391685,27.4241265561824,0.007617443046005758,
126,40.5673536523044,1.59541092370589,12.7003426580945,1.64572349993133,9.73358343586934,21.944180685254,9.56138152555101,2.2520236192895,1470.8686076657605,1496.0999999999945,0.19383707922302443,0.20146812757307336,2180.0,5.31026235579392,5.15698931225978,0.609461177473792,40.6399192160532,27.5533679384193,0.007688421565204895,
127,40.6331332484316,1.57811822104647,12.864660229636,1.62846108819315,9.63544393644219,21.8015246337707,9.58674409630384,2.27191454617602,1469.25113666399,1493.6999999999948,0.19597274483880808,0.20354315509659984,2160.0,5.2819122928983,4.95681793532495,0.59950519553794,40.5905616043682,27.6312029718706,0.007582914185908679,
128,40.698712259787,1.55833532471879,13.0246630536185,1.61018298458566,9.53776976226295,21.6688221361362,9.62640708181116,2.27510739707974,1467.6299446067924,1491.499999999996,0.1979050137292782,0.20562430742509466,2140.0,5.23473004609069,4.74733011274149,0.610176569390978,40.5440670067411,27.7336962650358,0.007736484967553918,
129,40.7667253888642,1.54026160135697,13.1882578586111,1.59256936346297,9.44034004123619,21.5265796774853,9.65508012845329,2.29018594052996,1466.0050209297588,1489.0999999999963,0.20004067934506217,0.20771153681003177,2120.0,5.20198023674764,4.54321881603527,0.606270086300508,40.4922204271773,27.8163104337393,0.007707476306896871,
130,40.8358163233977,1.52181631965847,13.3514293225326,1.57480078179328,9.34330564705903,21.3845972315517,9.68542564952481,2.30280872448235,1464.376354631759,1486.6999999999966,0.20217634496084583,0.20980479368583438,2100.0,5.16708678417591,4.33707717272551,0.605399655493,40.4391582928534,27.9012780947522,0.007717012816991713,
131,40.9079336109633,1.50371900003903,13.516890563389,1.55682787606051,9.2446499188396,21.2380976263346,9.71110736185766,2.32077404251632,1462.7439342588198,1484.199999999998,0.20431201057662876,0.21190402658512006,2080.0,5.13789141832964,4.13170186602276,0.598312935704481,40.3886269934981,27.9834667864451,0.007647148973728021,
132,40.9788444334298,1.48350707290103,13.6774693178163,1.53822723459072,9.14709477846008,21.1018848889092,9.75142459873141,2.32154767516144,1461.1077478870627,1481.8999999999983,0.20624427946710092,0.21400918204969047,2060.0,5.09120364981657,3.91636350344991,0.61127787302998,40.3417820025443,28.0893729711592,0.007831875375143887,
133,40.8308625521143,1.48516700498336,13.6710245789916,1.59669695066452,9.22527709611265,21.1979490811063,10.0717578464776,1.92126488954964,1459.4677831046513,1483.9999999999945,0.20848164344554,0.21612020453702047,2040.0,4.92743646947492,3.73335002423254,0.60047554520188,40.2086036568892,28.3601343042015,0.007715219647974812,
134,40.9021951669982,1.4670999091906,13.8346053029483,1.57977089966618,9.12463491525101,21.055678912548,10.1044316503959,1.9315832430018,1457.8240269926841,1481.499999999996,0.2105156106986684,0.21823703632201905,2020.0,4.89657216460692,3.5269140903234,0.60045866011911,40.1910172443352,28.4150378406153,0.007734879043141962,
135,40.9728569809508,1.44790546668347,13.9948699514529,1.56244002091977,9.02628249948412,20.9181982377198,10.145576282638,1.93187056015121,1456.1764661049745,1479.0999999999963,0.2125495779517945,0.22035961739362234,2000.0,4.85492324248172,3.31449490373945,0.614658349487072,40.1683759944456,28.4775475098462,0.00793824550545101,
136,41.0485179788715,1.42915133223597,14.158828598072,1.54384254346165,8.92932002141846,20.7704715593775,10.1753932724669,1.94447469409608,1454.5250864466484,1476.4999999999977,0.21468524356757887,0.2224878853460476,1980.0,4.82806466785275,3.10159173770485,0.610263401735056,40.1169032918701,28.5631769008372,0.007902918955387936,
137,41.1252334013434,1.41005398041981,14.3221396788912,1.52505210884685,8.8328238665025,20.6231099047443,10.2070672083658,1.95451985088605,1452.8698734514883,1473.8999999999983,0.21682090918336255,0.22462177526425367,1960.0,4.79904061478103,2.88609257498374,0.60949390559658,40.0641844659376,28.651188438701,0.007914477413278541,
138,41.2049490771241,1.39130085822877,14.4876008406199,1.50617825418095,8.73490934831744,20.4715870261469,10.2339117577545,1.96956283762738,1451.2108119579436,1471.199999999999,0.2189565747991445,0.22676121960323278,1940.0,4.77608848602328,2.67163620133323,0.601892705891301,40.0138346230098,28.7365479837425,0.007837144607959637,
139,41.2828407607667,1.37233827293098,14.6505370498455,1.48855669803234,8.63521866589853,20.3267059599323,10.2693697125675,1.97443288002616,1449.5478861837266,1468.5999999999913,0.2209905420522729,0.22890614806077192,1920.0,4.74291982518005,2.45610476563999,0.609147479311458,39.9941789831647,28.7976489467038,0.007952316962290575,
140,41.3810831884875,1.35682300367231,14.8354344008141,1.46896501985358,8.5236425482973,20.1433134432393,10.2524821597477,2.0382562358882,1448.5340112162548,1465.1999999999935,0.22312620766805627,0.23011994154162269,1900.0,4.76963013844659,2.262250858378,0.53868397530552,39.9642582526036,28.8551767752663,0.0070517603783940295,
141,41.4780127700303,1.34056335387993,15.0156152810801,1.44842392375162,8.42609867404199,19.9571288368696,10.2366745170625,2.09748264328389,1447.6477203172135,1461.7999999999956,0.22454998474524548,0.23082869257912675,1880.0,4.76327564311288,2.10567350302154,0.482700546854977,39.9502992292094,28.9480510778012,0.006330498975147239,
142,41.5662253361692,1.3208171409396,15.1810422534004,1.4269435396687,8.33691841312433,19.7949674729438,10.2568376031164,2.11624824063756,1446.758451520082,1458.8999999999974,0.22556696837180845,0.23158752577914396,1860.0,4.80018709341059,1.92332864996429,0.462692823830477,39.9377791673986,29.0260122653961,0.006076071225613613,
143,41.7518313724424,1.25833320966422,15.2952328364025,1.27202478065569,8.3220368556243,19.6379670638422,10.4263212660549,2.03625261531379,1445.8661557853945,1457.7999999999975,0.2263805552730606,0.2323856295149428,1840.0,5.24828272312558,0.576152325733933,0.458825115543775,39.5582447875786,29.8782079189728,0.006031617136108523,0.350287129045247
144,41.8977693755598,1.23724492124309,15.3772374952807,1.2120570125994,8.26130668849744,19.4918123659194,10.5070821755653,2.01548996533494,1444.9707851221401,1455.8999999999983,0.22719414217431091,0.2332169652909505,1820.0,5.39380057551344,,0.460548872222983,39.3692194282855,30.266356275393,0.006060651035965036,0.500074848585073
145,42.0118681411792,1.23899165079338,15.4597667283951,1.20988887280598,8.16648105244173,19.3508442168663,10.5313106062159,2.03084873130239,1444.07229169438,1453.3999999999905,0.22800772907556252,0.2340774845972317,1800.0,5.31041144852005,,0.470817406055848,39.3313058923434,30.3069718809769,0.006202310710787096,0.490493372103732
146,42.1334349923284,1.24187638513439,15.5475803572409,1.20706625969675,8.06676721809929,19.2003514270711,10.543021734023,2.05990162640622,1443.1706273730993,1450.699999999992,0.22892301433946938,0.23496420577392876,1780.0,5.24643158870491,,0.464281892312311,39.3177229128135,30.3058355955724,0.006123475234928927,0.485728010596845
147,42.2564379105727,1.244423827678,15.634679489389,1.20426180930629,7.96729342712024,19.0500640059333,10.5561268689045,2.08671266109594,1442.2657434555977,1447.9999999999936,0.22983829960337623,0.23587480099350316,1760.0,5.17981701167612,,0.461265815931958,39.3034959459388,30.3048387718418,0.006090925867317549,0.480582454611323
148,42.3779405194329,1.24554893048885,15.7181053538825,1.20149236844515,7.87116004480836,18.9047062884803,10.5777376842532,2.10330881020878,1441.357590463764,1445.399999999995,0.23065188650462753,0.23680737877955335,1740.0,5.098706148617,,0.470583318897753,39.2659869781194,30.3434850942547,0.0062205329662624355,0.471238460111109
149,42.5033698262014,1.24749535495588,15.8036057676132,1.19883766746559,7.77246652916628,18.7550619612983,10.5937205742084,2.125442319091,1440.4461179841649,1442.6999999999966,0.23156717176853453,0.2377603567273978,1720.0,5.02762991079844,,0.473842920782058,39.2509153162183,30.342200492123,0.006271081534966359,0.465411360078191
150,42.630105700896,1.25018543539893,15.8900032984662,1.19905933039647,7.67307687922094,18.6022234956078,10.6030340471954,2.15231181281835,1439.5312745317647,1439.89999999999,0.23258415539509866,0.23873238121851967,1700.0,4.96337728572891,,0.471560333729047,39.2506813864011,30.3282651827305,0.006249143039080935,0.446115811410382
151,42.7620810662461,1.25168732344167,15.9771125635397,1.19567860075415,7.57273157767575,18.4480247158832,10.614864950001,2.17781920245844,1438.6130074272905,1437.0999999999917,0.23349944065900521,0.23972227384821257,1680.0,4.896145021055,,0.471717807160768,39.2360498686782,30.3253379274835,0.006258694535767122,0.440749375622528
152,42.8910133058012,1.25378136731883,16.0617453517449,1.19613069319666,7.47434948554918,18.2961194943825,10.6270654878065,2.19979481420024,1437.6912626822739,1434.2999999999934,0.23451642428556935,0.24072899407312,1660.0,4.82760503024672,,0.475687141611413,39.2350899867103,30.3108606206111,0.00631974414257225,0.420757220820419
153,43.0254678245554,1.25568492528506,16.1488168456267,1.19575766751999,7.37383597756527,18.1393132827769,10.6336174303931,2.22750604627752,1436.7659848879189,1431.399999999995,0.23553340791213248,0.24175161223089262,1640.0,4.76481905350936,,0.473795460348957,39.2347935347052,30.2950660556968,0.006302986036303805,0.401525895739678
154,43.1609270642061,1.25728995376949,16.2349338011988,1.19553291460438,7.2739276139723,17.9830949306197,10.6416235575092,2.25267016411995,1435.8371171051567,1428.4999999999968,0.2365503915386956,0.24278928947593545,1620.0,4.69998247607388,,0.475000271355056,39.2341900621699,30.2788817668145,0.006327431348808522,0.381945423586712
155,43.3021400852229,1.25863937508114,16.3234916317203,1.19444223595476,7.17184756740981,17.8219762397715,10.6439252633018,2.28353760153785,1434.9046007539548,1425.4999999999986,0.2375673751652606,0.24384126248886995,1600.0,4.6405457955198,,0.470802815062735,39.2340537106681,30.2615194269126,0.006279882820631393,0.363078251836677
156,43.4393317400447,1.25968162421663,16.4075804726581,1.19457742160386,7.07334507304364,17.6671299345804,10.6549017129255,2.30345202092707,1433.9683755003814,1422.5999999999913,0.23858435879182371,0.2449068315779597,1580.0,4.57195324368632,,0.477890057198697,39.2330366810976,30.2442906852424,0.006382931176688891,0.342829332774936
157,43.5822472763639,1.2604575197898,16.4940605218752,1.193857678628,6.97273861859055,17.5074686414852,10.6601787253367,2.32899101793072,1433.028379140197,1419.599999999993,0.23960134241838713,0.24598535125096727,1560.0,4.50875683860164,,0.479627818621002,39.2324924019308,30.2258356588783,0.006414709356974751,0.323287281968246
158,43.7296502352304,1.26186448180222,16.582518993469,1.19318408382977,6.86966025942879,17.3436684588953,10.6595937996514,2.35985968769312,1432.0845474779064,1416.499999999995,0.2407200244076071,0.24707622262492715,1540.0,4.45399795818804,,0.477001866899878,39.2536989934217,30.1682659589324,0.0063889883056506575,0.307035222557967
159,43.8777977305198,1.26298357549614,16.6698576773004,1.19272490525133,6.76745356048535,17.1807251822169,10.6605046462073,2.38795272252267,1431.136814200299,1413.399999999997,0.24183870639682808,0.2481788872287729,1520.0,4.39730501727794,,0.477384936419143,39.274738463999,30.1101405915177,0.0064035538084392185,0.290430990786105
160,44.0320158636346,1.26373112341881,16.7595694968474,1.19135468765396,6.66313994274579,17.0129811007798,10.6556036074717,2.42160417744797,1430.1851107435627,1410.199999999999,0.2429573883860463,0.249292821878692,1500.0,4.3453176602985,,0.473182328682377,39.2959455541876,30.0511088545339,0.006356560030660621,0.274445602297678
161,44.1772670068926,1.26347662396614,16.841436006555,1.19161132732907,6.56623114870007,16.8570354146066,10.6670723301266,2.43587014182384,1429.2293661530618,1407.1999999999916,0.24397437201261088,0.25041753439149633,1480.0,4.27546379463865,,0.485949164837756,39.295204157289,30.0297647922855,0.006536846446566536,0.253618090949047
162,44.3381759968078,1.2635511842969,16.9322834226835,1.18957832101035,6.46084771711503,16.6855638249587,10.6578812708301,2.47211826229759,1428.269506934871,1403.8999999999937,0.24509305400183085,0.2515525599608656,1460.0,4.22632957426753,,0.480167632261797,39.3164469052285,29.9691526094041,0.006468646534578974,0.237903278838038
163,44.4938701615117,1.26350727383552,17.0183040887181,1.18901265067115,6.35966409795116,16.5210085637424,10.657660787538,2.496972376032,1427.3054568981167,1400.6999999999957,0.24621173599105095,0.25269745806375143,1440.0,4.16921410287375,,0.484394767338313,39.3375628748166,29.9079070830353,0.006535277487025274,0.220921171935986
164,44.6556952499884,1.26303433744403,17.1066040186746,1.18753509478254,6.25649527929277,16.351816766043,10.6515975733881,2.52722168038651,1426.3371369871384,1397.3999999999978,0.24733041798027033,0.25385180979491756,1420.0,4.1165303601852,,0.484388871546659,39.3587382862284,29.8458221469414,0.0065449111139935,0.204520335098336
165,44.81779063241,1.2623122485289,17.19356748957,1.18637206465875,6.15453349105653,16.1838896228459,10.6471505252828,2.55438392564718,1425.364465102411,1394.0999999999908,0.2484490999694903,0.2550152155501724,1400.0,4.06221961001491,,0.487116418047031,39.3799739917986,29.7828988658217,0.006591561813897577,0.187791114317764
166,44.9799952694486,1.2613653036228,17.2791511052203,1.18555325441165,6.05384771948066,16.0173191655918,10.6443691452285,2.57839903699574,1424.387355909095,1390.799999999993,0.2495677819587094,0.25618729299564513,1380.0,4.00641013043572,,0.49244079698694,39.4013530974499,29.7190498165744,0.0066735437997958984,0.170746158553127
167,45.15293011098,1.26066175176086,17.3700806875387,1.18352597529927,5.9478948289606,15.8410471440401,10.6280249740702,2.61583452735029,1423.4057206319815,1387.2999999999952,0.25078816231058726,0.2573676752731664,1360.0,3.9634140303993,,0.488025732149312,39.4439704559603,29.6169051771178,0.006624483943929854,0.15768460437325
168,45.3213762402728,1.25899654677941,17.4564223728094,1.18215203881638,5.84670166184863,15.6714473127132,10.6210398561777,2.6418639705824,1422.41946683549,1383.8999999999974,0.2519068442998069,0.25855600940148504,1340.0,3.91012725741618,,0.492159983766931,39.4654279067305,29.5514320059529,0.006690592492753279,0.140852846133466
169,45.5007819549108,1.25748935531225,17.5480623666774,1.17953747151358,5.74031503926852,15.4921885794494,10.6003890284718,2.68123620439614,1421.428498187249,1380.2999999999906,0.25312722465168286,0.2597519548405098,1320.0,3.86906059806232,,0.487150546585838,39.507929587359,29.4479268618949,0.006633313542835484,0.127932406097957
170,45.668856819623,1.25541858114981,17.6313891216788,1.17896930213434,5.64206172207356,15.3258226019457,10.5969005120004,2.70058133939427,1420.4327142036366,1376.8999999999928,0.25424590664090285,0.26095518219156993,1300.0,3.812915265177,,0.496304515582345,39.5298508889316,29.3804514991977,0.006768096489599685,0.110477831111363
171,45.8545181326698,1.25310018511469,17.7235936774922,1.17581428799514,5.53545786494465,15.1438594166785,10.571994884101,2.74166155100404,1419.4320099754962,1373.1999999999953,0.2554662869927795,0.2621653720112125,1280.0,3.77370523717284,,0.490782430505898,39.5722593546625,29.2755647923062,0.006703762197867752,0.0976881853525528
172,46.0332695566082,1.25093546834502,17.8105476088177,1.17444062941346,5.43374468803944,14.9697284657143,10.5565707747721,2.77076280828972,1418.4262758720438,1369.5999999999976,0.25668666734465545,0.2633822137196231,1260.0,3.72784355882612,,0.493735047461621,39.6153700614864,29.1692816493265,0.006755165514593253,0.0837696828993791
173,46.2182848945917,1.2481807672947,17.899513234249,1.17215524012079,5.33043081686608,14.7914097969048,10.5352062215053,2.80481902846762,1417.4153972207691,1365.899999999991,0.257907047696533,0.2646054045876027,1240.0,3.6853512423065,,0.493589029189972,39.6582207569248,29.0625373776405,0.006764273388926582,0.0703015939381257
174,46.4096490154898,1.24479669133363,17.9904545714914,1.16894675785515,5.22556820023162,14.6089483855316,10.5078631525592,2.8437732255076,1416.3992539608792,1362.0999999999935,0.25912742804840777,0.2658346487882204,1220.0,3.64599221053183,,0.490606748513615,39.7007346005055,28.9554102284156,0.006734478359829989,0.0572562120335101
175,46.6004430414898,1.24121342028109,18.0796753910718,1.16621981438046,5.12249943617186,14.4285244696016,10.4823702736574,2.87905415334594,1415.377720267553,1358.299999999996,0.2603478084002855,0.26706965650107634,1200.0,3.60503195173893,,0.490260224255882,39.7435295225901,28.8473030864805,0.006740825302569539,0.0438752149345038
176,46.7904780255003,1.23746223075377,18.1671366594855,1.16400699279628,5.02128022047542,14.250242889769,10.4587980156691,2.91059496555057,1414.3506641439508,1354.4999999999986,0.2615681887521608,0.2683101430584618,1180.0,3.56260648698377,,0.492392378830832,39.7866743072124,28.7381528341491,0.006781330103716181,0.0301739928239064
177,46.9867133346452,1.23306398150316,18.2564505473566,1.16090282068744,4.91869158127355,14.0680525078917,10.4292889647077,2.94683626193463,1413.3179469775507,1350.5999999999922,0.2627885691040372,0.2695558281237946,1160.0,3.52312100446279,,0.491893677441009,39.8294627757364,28.6286503836938,0.0067856763338530685,0.0168721586660068
178,47.1819715520004,1.22851735473063,18.3439259874249,1.15835205110571,4.8180641383902,13.8881838191261,10.4017814442747,2.97920365294738,1412.2794230569684,1346.6999999999948,0.26400894945591347,0.2708064348935414,1140.0,3.48219621740832,,0.493835907552647,39.8726479457057,28.5180677100381,0.006823765476753446,0.00325221929525376
179,47.394087053977,1.22919183626699,18.4065428703322,1.15578592162808,4.71748061366232,13.709311462399,10.3722454799634,3.01535476177099,1411.2349390449244,1342.8999999999974,0.2652293298077897,0.27206168931442754,1120.0,3.4366864937588,,0.495631642679416,39.9056715042039,28.4120103593579,0.006859953531895028,
180,47.6133539733415,1.23133622714549,18.4609435819996,1.15312973423412,4.61724536009823,13.5303541976067,10.3406526388468,3.05298428672755,1410.1843334024795,1339.0999999999908,0.2664497101596666,0.2733213193081513,1100.0,3.3902333953274,,0.497340434971273,39.9355525077432,28.3068736619581,0.006895056633457275,
181,47.8643084789644,1.23917763000874,18.498801040764,1.1515622295437,4.50901546403449,13.3370647929537,10.2811647286079,3.11890563512316,1409.1274357590098,1335.0999999999935,0.2678734872368557,0.27458505399607264,1080.0,3.35476095602348,,0.486047149703786,39.9888604478341,28.1603314464386,0.006751592578188446,
182,48.0896017916767,1.2407506038629,18.5520788606163,1.14857173531894,4.40967555102014,13.1566387149904,10.2447144775201,3.15796826499462,1408.0640662216692,1331.1999999999962,0.2690938675887308,0.2758526229164228,1060.0,3.30968979390399,,0.487649401554902,40.018714061775,28.0539467427662,0.006785159337065554,
183,48.3145228899598,1.2424717919231,18.6025432195254,1.14613287617805,4.31231173000477,12.9785409973412,10.2097128936749,3.19376360139282,1406.9940346172305,1327.2999999999988,0.27031424794060743,0.2771237552265179,1040.0,3.2635859573111,,0.491050168717154,40.0487814168266,27.9465824571452,0.006843904790482977,
184,48.5450690381456,1.24343653789769,18.6548202097528,1.14288719543411,4.21409378099948,12.7971075422806,10.168815354284,3.23377034120582,1405.917139658217,1323.2999999999925,0.27153462829248454,0.27839817888224166,1020.0,3.22006288444551,,0.492410698865175,40.0787582962451,27.8387681204442,0.0068743640774141445,
185,48.8092133689458,1.25037997637764,18.6886036121554,1.14070242467292,4.10813820885835,12.6011616076984,10.098590478353,3.30321032293852,1404.8331680240951,1319.0999999999954,0.2729584053696739,0.2796756197867179,1000.0,3.18635542642686,,0.481817355207091,40.1316399993285,27.6901872190375,0.0067396468765854155,
