,Ce,K,La,Na,Nd,Pb,Sr,Ti,Yb,Na_new
0,18.414457597725143,0.1525837112889578,9.037043075764911,10.923307977086765,9.795216644632015,0.6123572597818336,248.55933136998144,2.0075499839594597,0.5328884992411025,3.589769260433265
1,18.202984324912826,0.15057038118305305,8.861411158976248,10.868858608096888,9.755908869998793,0.6053248944151535,246.05765127518083,2.0017869099461354,0.5326372464288259,3.742928665869071
2,17.927185693182192,0.1479551643656737,8.635039422208072,10.797911553996745,9.704002755451715,0.5961534434787428,242.80155195818176,1.9940703116104623,0.5321678709725951,3.888885319523859
3,17.62240960671164,0.14507289001296014,8.389108824347003,10.718882285693324,9.645449724939953,0.5860183717196269,239.19278107669302,1.9854042635570408,0.5315746693065562,4.012532155529573
4,17.302253149359714,0.14204882574706756,8.136069526378021,10.634479393706213,9.582291035157569,0.5753718386960476,235.3731343767422,1.9762612475895345,0.5309784033481066,4.112464599686836
5,16.991901309825153,0.13912230215495316,7.895734537914969,10.551358136109897,9.519507903427492,0.5650513499704326,231.64533807796442,1.9673353762928665,0.5304139272254821,4.18204326415061
6,16.646654968072916,0.13587471670717696,7.633780754587851,10.457547389809319,9.447961250133579,0.5535704739976742,227.47526060601385,1.9572828984007211,0.529765274410535,4.222756334230873
7,16.314543326982534,0.13331923514270713,7.498332148311682,10.31052338792905,9.332977211288961,0.5425263814198469,223.27685722065763,1.9383539896597552,0.5281570961021664,4.264461448488537
8,15.926885123227763,0.13022382523739012,7.32114378044646,10.147021777255933,9.203463606278502,0.5296351347391656,218.36616304309985,1.9179260207287276,0.5264845542030929,4.304381137455868
9,15.561236500502503,0.12732890164284935,7.145941928784054,9.99792726282639,9.090493678802886,0.5174757981164729,213.8494298862813,1.8982374450975024,0.5249327210561318,4.362503597123642
10,15.025757486070326,0.12274336007119,6.891727970674868,9.774183367112219,8.890961345631757,0.49966889502371636,206.6325748399854,1.8758819334717987,0.5239352587418613,4.357368046219484
11,14.610630397500362,0.11933899409069262,6.6792573574612915,9.603016719189766,8.760659522523046,0.4858641937411048,201.39774830076522,1.8542860888251218,0.5224935380455675,4.412462957625516
12,14.116149703247427,0.11512683545849933,6.448653398770223,9.390522203737964,8.57028142480772,0.46942065521487886,194.703759589004,1.8327149450879634,0.5215164100627436,4.404166038564107
13,13.70371810574692,0.11172931763153907,6.233374342281171,9.219908928306785,8.440091515954624,0.455705590214862,189.50318236200542,1.8108813402782917,0.5200087551261685,4.450777177329413
14,13.243664315017533,0.10782872647731816,6.011411577850504,9.02472688253968,8.268287278488664,0.44040688933549993,183.36275431636798,1.7900417561782054,0.5190688170293527,4.452050407326062
15,12.874313113958399,0.10482517332602746,5.823525049171968,8.866471266397228,8.148077021128424,0.4281244265924408,178.70051020970155,1.7692399950545703,0.5175895549011695,4.499187325001094
16,12.436271207976304,0.1011215892589065,5.611262887576659,8.67540819546753,7.983059466667096,0.4135577123792595,172.8448967245628,1.7483513474981038,0.5167333958178365,4.502856159732192
17,12.058899082935552,0.09801547350841701,5.4177502850092125,8.514249750090064,7.8551688136676,0.4010085205726787,168.03250011728406,1.7275324843743696,0.5151916076714605,4.547014875204116
18,11.64518472146258,0.09452799554962613,5.219333703809533,8.329301552596835,7.694544564182747,0.3872507983384232,162.4759445379209,1.7070668774786997,0.5143456312256398,4.549336489765382
19,11.157852541908033,0.09030720579369063,4.973322173513049,8.116133547036897,7.502913509679286,0.37104497764064726,155.86946614314647,1.684397861630458,0.5133680402892535,4.539281617026784
20,10.727744892396618,0.08662889417963324,4.762763307752692,7.9193298780234285,7.329433672719092,0.3567421104359921,150.0197019406786,1.662967419693086,0.512595089635867,4.535241218968099
21,10.322355607454051,0.08318447598521883,4.565992556632699,7.730943716925841,7.163656545166865,0.3432612316017975,144.51577215964832,1.6419633851199513,0.5117463627917316,4.5301408782034995
22,9.909674542102902,0.07966166814029971,4.362292622332201,7.5391085368392154,6.994292898455519,0.32953787075876645,138.9127896936244,1.620456549882442,0.5108656962924083,4.52213991544644
23,9.502605625139156,0.07618086421131937,4.161247329131736,7.347447855710885,6.824315554691088,0.3160011371780242,133.36561723252362,1.5989736994051773,0.5100631108738412,4.514293105421987
24,9.105396503036928,0.07279187330460934,3.964370274877649,7.158935124281573,6.657177437427535,0.3027922827613231,127.96420313418406,1.5774179359483798,0.509162119970491,4.503912323520563
25,8.79629139427942,0.07025847039270262,3.8065554762393345,7.014292127423249,6.540519969524885,0.2925132530164178,123.97474529866074,1.5574312498768093,0.5076187888812239,4.545097463697981
26,8.4532675076239,0.06737535203463867,3.6435200121724063,6.84488295343516,6.3889048993312745,0.281106282913859,119.2917570123711,1.537538740323719,0.5067068461779302,4.535551022128986
27,8.074909050023393,0.06414263304515344,3.4575074747772505,6.660362278828494,6.2206710193666055,0.26852429144970913,114.10308438485093,1.5162799541237064,0.5057499705324422,4.520616307831927
28,7.707140159971676,0.06100584546933587,3.2769867121153693,6.478428111525919,6.054482305665251,0.2562944471249489,109.05524018052581,1.4950474330833434,0.5047559498456041,4.5027619904329415
29,7.364083391479529,0.058095251931553744,3.1116465080893527,6.3040043185859895,5.8946571266347,0.24488638356464,104.32584772526108,1.4745335564403663,0.5038442540564367,4.485510185226351
30,7.034206878466389,0.055309764577511314,2.9515282535822083,6.133299337284372,5.741812827105538,0.23391661828629323,99.79675414073677,1.45380938457131,0.5029653446859662,4.470885850010797
31,6.750610531280459,0.05297318619700025,2.8059082083250155,5.991754737494969,5.625090951272246,0.22448586089768746,96.08893314417602,1.4334142815174744,0.501306645965851,4.495198432075414
32,6.439170867650142,0.050349774974853996,2.657928022766807,5.826304009406142,5.4729456074319796,0.2141291974990546,91.77747280740313,1.4132556827620126,0.5003617979637852,4.465278891922123
33,6.135067867838956,0.047788432624529927,2.5139357338100767,5.661925716931934,5.321019564105458,0.2040165086692289,87.55279302064102,1.3931298794331792,0.4994358246886396,4.432770566680993
34,5.841908229335129,0.04532862074086985,2.3752214126573903,5.501316083610712,5.173070507887895,0.1942677320919045,83.48669995929873,1.3730626511540458,0.4984741733027141,4.400594541117632
35,5.537318415925437,0.042759521922355145,2.228702139782673,5.334157980948111,5.018538152608082,0.18413885468635657,79.26121656242229,1.3520213175128772,0.49741920693136954,4.362416240684244
36,5.297755550090484,0.0408051285619869,2.1095702434810892,5.2018346250626015,4.909237818670929,0.17617239358970732,76.08084963152547,1.3320505250421308,0.49583582223848527,4.37842074717342
37,5.037826760186281,0.03864694808255255,1.9889720663240866,5.050469249626647,4.7714480689930765,0.16752868086130152,72.45741398271066,1.3122884733953741,0.49495644997595917,4.343876225465333
38,4.755634679650842,0.03627788929552634,1.855659945641376,4.8860787694941035,4.619292076512425,0.1581446211760375,68.50471862668822,1.2909736151129696,0.49392302755726597,4.299954185381845
39,4.492133507040369,0.03407882229185624,1.733330588510811,4.727978998247881,4.472612692350239,0.1493821118730764,64.79922325084148,1.27026906932261,0.4929942145920356,4.257982551689204
40,4.237934497957121,0.031967963929631145,1.615652005710215,4.574727640946404,4.3292989197640805,0.14092893817434604,61.23755817875494,1.249745938401083,0.4919141995346479,4.212512042538812
41,4.025884929742875,0.030249186947636782,1.5137918035524376,4.448134404765346,4.220422092782118,0.13387740859002434,58.379874446856164,1.2298738539261282,0.4901979615401365,4.2186973847665055
42,3.81048498594943,0.028487721584630022,1.41880861368205,4.309720710966296,4.090103647622491,0.12671446509095488,55.331863695920724,1.210933885477728,0.48924678198318095,4.17492931592201
43,3.588133060299811,0.02666408204954815,1.3193043974438237,4.166506042311234,3.955317651036067,0.1193203392973809,52.19148980230093,1.1910218722871164,0.488171729087711,4.125359725851507
44,3.3658157010771492,0.02483795807675133,1.220622899587688,4.019667193296024,3.815487951566692,0.11192736298118786,49.02802280725816,1.1706850075537039,0.4871051106370284,4.073512566402014
45,3.1615225606652637,0.023177486859935283,1.1309108230258873,3.8803417380815795,3.685208739288758,0.10513376686297789,46.12814477253441,1.1506659270598103,0.48606139262299486,4.021744157125728
46,2.9625527895321406,0.02156337389345589,1.0447405663328535,3.7419892817993214,3.5533133279836937,0.09851719490130635,43.289296243674656,1.1308034625732606,0.48499096974146005,3.968726180950462
47,2.7859908875351223,0.020148875995523216,0.9703563606028432,3.6143668560112636,3.431646832099525,0.0926457777327594,40.76494229611972,1.1120412307159158,0.48394183619797676,3.9179977958378776
48,2.623227567944581,0.01885680910372344,0.9025389114442599,3.4926590615468625,3.3177668087493983,0.08723322078675566,38.439004893010164,1.093635923793868,0.48304156035555057,3.8698178590587426
49,2.456192907856617,0.017529122893214854,0.8323040464346215,3.367070822130491,3.199985604660366,0.08167862401423426,36.055650090078764,1.0743063546855498,0.4819874425602668,3.8144014776262996
50,2.318275230243873,0.016450523763798852,0.7729501398169423,3.262910805713511,3.11032668139655,0.07709228794160147,34.13106945242821,1.0568941822950686,0.48162231191513327,3.797333906013869
51,2.1789646087106886,0.015364078566838692,0.7172634640837875,3.1518902677504252,3.0047382031418968,0.07245963069346706,32.131141164414785,1.0393283166807543,0.4806816484674434,3.7384967889674425
52,2.0350375675139714,0.014230552570807721,0.6599109864840939,3.0336837500925613,2.892633465712238,0.0676734583021273,30.031646629725874,1.0216647047065195,0.48094122270269696,3.670146462994324
53,1.90887450332191,0.013250181946683568,0.6112215904120415,2.925277154944627,2.789825712416136,0.06347801198695187,28.184411799269714,1.0051962179982694,0.4813586613664247,3.6078264109351226
54,1.790004344407571,0.012340924924144589,0.5652434713848786,2.823032754990039,2.6922120099248303,0.05952508508718762,26.47548919248025,0.9880272434533672,0.4803721631498234,3.547078675081629
55,1.6674952326458217,0.011394892544210264,0.5181704919618212,2.713975382811397,2.588355441734312,0.05545114787895841,24.68309557287642,0.970820662851126,0.48071667161172116,3.479310452639947
56,1.5608395646848245,0.010583499480105925,0.47846361092988193,2.6147328640705503,2.4938883830763743,0.05190440357621743,23.119689007691818,0.9547665526561755,0.4811021057516838,3.415897012515269
57,1.462234983276096,0.009841253801302333,0.4420534859294346,2.520091884047531,2.4055162037736233,0.04862539136785116,21.679286477675102,0.9388769283114621,0.48158178136275803,3.3527878945697993
58,1.3673755614170007,0.009129639106282927,0.40766689665828937,2.426784426693751,2.3163276449434482,0.04547092128227555,20.285920881445172,0.9232322728061569,0.482069662932408,3.290977100452039
59,1.2804458171313429,0.008485434997452307,0.3764097546635131,2.3386600444347443,2.2338529312017115,0.04258014593785936,19.0156882085433,0.9077885614307057,0.4825845698608043,3.2270546434029312
60,1.1944319485006503,0.007848762392090255,0.3458565930360903,2.2497892887855513,2.1486190610068374,0.03971982726605486,17.75285619585878,0.8922333806125583,0.483072696749459,3.1621377601713387
61,1.117923139060981,0.007290135902939689,0.3193185466256433,2.167789732954548,2.070198631531818,0.03717559132269294,16.6301949504563,0.8774405067488347,0.4835404839709784,3.0994411894353138
62,1.0476484180906762,0.006781581321450665,0.29543062254330676,2.089781756315083,1.9955233300676958,0.0348386647346068,15.596219974706802,0.8631527150783818,0.4841302272867327,3.0396661956979223
63,0.9790116804912266,0.006287753647328674,0.2719641352509161,2.0129260029315557,1.9225575027100974,0.03255620790232106,14.593235227333297,0.8485781429976752,0.4846904519404636,2.975979436833406
64,0.9163808512676419,0.005843579682968062,0.24950689934893233,1.9442761338036754,1.861989348007673,0.03047347248871017,13.70971379484269,0.8334632077732448,0.48434776293954246,2.9445765150900645
65,0.851067008345474,0.005377057703098991,0.22785397214626546,1.8670188203245552,1.7871105218679357,0.028301515716951622,12.745952051543586,0.8185381773563324,0.4848801580439865,2.878216342521462
66,0.7894828777537988,0.004941214811761487,0.20767894539353604,1.7921890053545524,1.7146255475480228,0.026253587383736766,11.838839614173429,0.8036450280989652,0.4853313334488434,2.8105199594208137
67,0.7298677969073266,0.004521817762771716,0.18836490054966645,1.7176860705275891,1.642242251223654,0.024271138139436026,10.959556946558575,0.7885604651673288,0.4858438078170384,2.742393850420045
68,0.6740256742384463,0.004132733078402793,0.17057972353691295,1.6455514106484064,1.5720154367713841,0.022414155437858057,10.135515820186336,0.7735795609475573,0.4863094872986231,2.6736483433674856
69,0.6212800466618682,0.003768626845608995,0.1540305089058046,1.5752425181719658,1.503630489014767,0.0206601440695158,9.357168305243725,0.7586222110392459,0.4868288357599282,2.6033411844379835
70,0.5716005040150113,0.0034288967842260685,0.13877537769274353,1.5069901154331948,1.4361569973500414,0.019008092770095377,8.622814070026022,0.7438186824995612,0.4871348204598928,2.533518484023898
71,0.5261518367060616,0.003121886160149217,0.1250601833985863,1.441833831540266,1.3727436592515556,0.017496735662434343,7.951117799794433,0.7292175295546753,0.4876251497431312,2.4647171254649765
72,0.4836297224300954,0.002837361881632937,0.11253398641515915,1.3787669699063827,1.3104272691017027,0.016082698608126677,7.320644763095815,0.7148896323847928,0.4880482228352126,2.3978655715529715
73,0.44461812140088774,0.002579631256577221,0.10121974021350497,1.3185424440043072,1.2518918164715176,0.014785400711668463,6.743195949864469,0.7006752500623553,0.48857382188034687,2.330699634508291
74,0.4122617509441213,0.0023704850023877136,0.09166944700302444,1.2686208350288966,1.206146918996789,0.013709416896004025,6.277838512858245,0.6871519877357479,0.48822850886205116,2.2943681132453713
75,0.3797714107810003,0.0021605419671474344,0.08273821983260803,1.2143265805531493,1.1532151413775353,0.01262897803072209,5.793400068619999,0.6738035997325732,0.4888494527650432,2.2294756772162363
76,0.34771775024634266,0.0019546018445176136,0.07405213844023886,1.1594209899432546,1.0987579013253483,0.011563060578263168,5.314520555285212,0.6601208220611795,0.4893263084005908,2.163770808146976
77,0.3184055512141726,0.0017686232814285753,0.06629114364412952,1.1070720075139775,1.0468419482917848,0.010588308116385775,4.87603637291531,0.6467019368471194,0.4897594373271539,2.0996391840554978
78,0.29174793505141494,0.0016016532719842643,0.059397082620630565,1.0574142914831857,0.9977048543245208,0.009701831569405711,4.476762338518066,0.6336211013403398,0.49022819758410485,2.0352232959001437
79,0.26668915544749244,0.001446373409390793,0.05302746898417053,1.0090225672966802,0.9499684779423339,0.008868522984002114,4.101330368411878,0.6205361221876395,0.49076831688853667,1.97058559338524
80,0.2442151197801739,0.0013089732726223329,0.04733247022523552,0.9645661083656312,0.9073446149836685,0.008121167878675605,3.767589865918788,0.6077823316358478,0.4913620230616792,1.9168988486601908
81,0.22284934696376754,0.0011796109024606446,0.04216268159649941,0.9196978270812254,0.8629994118411811,0.007410667119935252,3.4457168979042994,0.5950613777164995,0.49195760427957735,1.85483960362123
82,0.20447155908230377,0.0010701446236831699,0.03775705800550087,0.8798865952621588,0.8248472337599516,0.006799529280646671,3.171126637070665,0.5830676163748908,0.4926566308253535,1.8051135874672832
83,0.1867611240918274,0.0009656171215876975,0.033669425012112265,0.8392374938780355,0.785305938983648,0.006210583699015627,2.9033557724624313,0.5708723890136207,0.49355575072525304,1.7450916263950187
84,0.17028698512453683,0.0008694600265257822,0.02987619723522507,0.8008566892222828,0.7484040091467317,0.0056627500991532345,2.6563902840051092,0.5587176568663925,0.494236201893612,1.693859445620094
85,0.15554448732947346,0.0007846128874369883,0.026584909839611134,0.76485664862839,0.7138340845386907,0.005172500766300773,2.4346157692894383,0.5470213781994392,0.49498518342829995,1.6442861833210654
86,0.14222685099011065,0.0007089370362646087,0.023699943052246836,0.7307653285439148,0.6811029455555093,0.004729633999671129,2.2333555985599363,0.5357215324426139,0.4958921378483629,1.5965879045498261
87,0.13005257172261422,0.000640642189096152,0.021129027280353083,0.6983103514786855,0.6499644433407086,0.004324788608352959,2.0490624581068775,0.5246420128429569,0.4967490929860467,1.5483393186484555
88,0.11860587791640884,0.0005770654355630723,0.018769391116748906,0.6665234652899995,0.6193931299810368,0.003944138458027839,1.8750802298989564,0.5135859640112438,0.4977158012809492,1.4999197038587126
89,0.10805171788187518,0.0005191503903162212,0.01665143290136826,0.6359176915825038,0.5898686240476304,0.0035931687656680514,1.7141398024907244,0.5026589329485149,0.49860987254752454,1.4522776525126682
90,0.09848210700867908,0.00046730785053972695,0.014787006322238444,0.606811712262131,0.5618015791125561,0.003274939425466756,1.5675562616927847,0.4920511847246254,0.4996671662522438,1.4061985747470218
91,0.08947768873234586,0.00041910347883200485,0.013070818729746244,0.578530930137698,0.5343730568510939,0.0029755050884865543,1.4296193468377216,0.4814249819198242,0.5005213910242517,1.3583679494761078
92,0.0819525132757282,0.000379447826981359,0.011621792827565751,0.5541944243289761,0.512925883843452,0.002725261724133474,1.315996081744584,0.47150416356472064,0.5024050305141529,1.3270876132674756
93,0.07460129268751083,0.0003410992519546641,0.010312293617250936,0.5287887123213897,0.48814415295494945,0.002480803082245011,1.202056005609639,0.4615890368448863,0.5035306416004166,1.2817162369901345
94,0.06740183526861732,0.00030366863704413754,0.009056251789227678,0.5025781590705681,0.4629160543702265,0.002241391196581093,1.0891221539559808,0.45165249702734744,0.5065591362753863,1.233777495078509
95,0.06085150929492953,0.00027009536578290335,0.007948811420384115,0.47744787401280087,0.43863386074316957,0.0020235656297601223,0.98593015776172,0.44191015308259607,0.5097874854439111,1.1881470125718183
96,0.05508896564224604,0.00024108236599454166,0.007006381434748964,0.4542418262023383,0.4161118162067152,0.001831937099742145,0.895036950298833,0.4326196495004846,0.5129268802092473,1.1441995393436961
97,0.049765166030895217,0.00021464806747525567,0.006156784280605016,0.4318320191602558,0.3944087694250244,0.0016548986328563692,0.8109680254603001,0.4233932046909813,0.516311874095518,1.0997244660251548
98,0.04458972826579098,0.00018924985371896776,0.005346689564770672,0.4092305095401923,0.37240414897824897,0.0014827938140643054,0.7292856439246747,0.4137419628433968,0.5195806401416431,1.0534236925351799
99,0.040453125070789984,0.00016944452911907485,0.004699417892253792,0.39049805907454394,0.3554111498894232,0.0013452345629241297,0.6652708644875427,0.4045666685074082,0.521683664492578,1.0245415666845357
100,0.0365853366947805,0.0001511097265693097,0.004139150693425695,0.37140045981140596,0.33714353904855787,0.0012166145219166887,0.6034510596878934,0.39603832782640935,0.5258790134500166,0.9824886762409261
101,0.03259138234992932,0.0001323132773518071,0.003570026497264359,0.3511906938042382,0.31721877796409065,0.0010837989380023975,0.539638463651219,0.3867083317338134,0.5294577976511484,0.9386262288344767
102,0.029043913653510268,0.00011589800161692944,0.003083851781480508,0.3319174851511365,0.29818747579240246,0.0009658308578364438,0.48252814838017033,0.37757289706380004,0.5331529292361377,0.8988015678429901
103,0.026070383020671238,0.00010244538365820118,0.002690689162820504,0.31482408428728037,0.2814706295171511,0.0008669486040128183,0.4346367429462241,0.36918203366449553,0.5371367409303146,0.8606364876835684
104,0.02320980477032224,8.966553235976337e-05,0.0023202871126243767,0.29767687741199134,0.2646922449407528,0.0007718224864240156,0.388542579135032,0.36049736242996516,0.5413848136070162,0.8208963325333146
105,0.020594565323187795,7.816268438006465e-05,0.0019933800935579287,0.2809297222153642,0.24819156268256098,0.0006848549038589748,0.34614032932821504,0.35171340107657906,0.5453251973139532,0.7842692688300932
106,0.01833984669341915,6.845339937369846e-05,0.0017205697598171646,0.26569655514273505,0.23334092217140506,0.0006098761370733195,0.30957666410266715,0.3434481422801424,0.5497547245803812,0.7473588689999351
107,0.01616477047678323,5.921153224076081e-05,0.0014645428937589185,0.25033546174686055,0.21811913528069415,0.0005375458115794885,0.2742228291544842,0.33485901621036046,0.5539324994301776,0.7103424621184755
108,0.014233571636769648,5.116042767742652e-05,0.001245495680380515,0.23565133396238142,0.20366600237219684,0.0004733254226004146,0.24265198642103522,0.32631717112779557,0.5580940625981247,0.6756758216229061
109,0.01252891973876055,4.4196529088286626e-05,0.0010586034453940944,0.2219559562695982,0.1902344260125358,0.00041663866114643045,0.21473710778558153,0.3180992264782497,0.5626827712383508,0.641203525208208
110,0.010958150395122431,3.788955854436602e-05,0.0008920834198017664,0.20843013615885106,0.17701863883513214,0.00036440405114421297,0.1888842440184833,0.3096382716301165,0.5671571830865084,0.6079449791032356
111,0.009592945353467754,3.252221102609097e-05,0.0007529995732146399,0.19588649349039625,0.1647592456739742,0.00031900530866638534,0.16631035378605546,0.301557099593009,0.571915934554504,0.5765037958343369
112,0.008357130814504083,2.7759807922340052e-05,0.0006311875635937114,0.18380767531732245,0.1530317641258754,0.0002779093382495412,0.14583224693883906,0.29343245065566326,0.5767383600735568,0.5448380332367911
113,0.0073638885056400375,2.4013508116271757e-05,0.0005346993563892548,0.1734404967707634,0.14368743874663545,0.0002448799028003807,0.12944818538544633,0.28590882914670906,0.5829537239525167,0.5220319944824979
114,0.006487739683028113,2.077979117967479e-05,0.00045588296533474954,0.16341129482246905,0.13416401085462992,0.0002157443124997467,0.11467357316070648,0.2787801441582337,0.5893155848720139,0.4945076738168339
115,0.0056411585098831716,1.7702654297485886e-05,0.00038178526190530267,0.1532624322538971,0.12436776267439939,0.00018759196944979624,0.10038676774481342,0.271242932445637,0.5948908841919013,0.4666309525396595
116,0.004892068586915374,1.5023016306610476e-05,0.0003189751570792436,0.1433877788487375,0.11503341003922758,0.00016268161571690042,0.08753961192915699,0.2640283016641268,0.6042742258967003,0.44048608998797245
117,0.004249660390669533,1.279027983886873e-05,0.0002668973907345402,0.13446842663823555,0.10655892231567159,0.00014131887284886773,0.07660359449402918,0.25685484882789816,0.6106117053393649,0.41496409025305536
118,0.0036673838308663026,1.0796586409239555e-05,0.0002216628455926693,0.12564095973240377,0.09823286598207158,0.00012195575684591003,0.06653658382175685,0.24985419922203378,0.6202637888888876,0.39113571955866705
119,0.003181193518535728,9.174102573129256e-06,0.00018533431953653563,0.1176797026235695,0.09087130360920584,0.0001057879079798102,0.05810252845079196,0.24327900753182252,0.6310848249196755,0.3681467114184093
120,0.002742531480882875,7.74027646492439e-06,0.00015370401765833349,0.10996843677278029,0.08375316915830566,9.120057181083176e-05,0.05046361663619531,0.23661799035177397,0.6422696658270007,0.3461085774655706
121,0.002356116205301153,6.505284335044731e-06,0.00012689083408779883,0.10263493435493261,0.0770432130147586,7.83506576584705e-05,0.04370051990278411,0.23002524228979568,0.6545233510803847,0.324822764202864
122,0.0020160551892065785,5.443795778029269e-06,0.00010423249102770709,0.09569751084475206,0.07066737304583226,6.704221531803334e-05,0.037725811741515784,0.22346393042563126,0.6662416119687566,0.3047000096646308
123,0.0017273733402413747,4.563903284665332e-06,8.582122221241807e-05,0.08926593309134247,0.06482721114894165,5.744234385600759e-05,0.03261139512544346,0.21714611493068894,0.6789865038625544,0.2861409111682864
124,0.0014820638801272676,3.833977183250574e-06,7.07821607491189e-05,0.08329815478334703,0.059539072135653306,4.928478461230807e-05,0.028236226158112825,0.2110100555754784,0.6933492667387099,0.26829485446282536
125,0.0012620957020586644,3.193453999173985e-06,5.779350484987863e-05,0.07752054010746576,0.05446159496720806,4.196992833449232e-05,0.024291061315370958,0.20480774992128783,0.7091409740168025,0.2507949691450891
126,0.0010658785063836437,2.6353923426981218e-06,4.6676860024055754e-05,0.07196348225947427,0.04955741361162165,3.544489094862466e-05,0.02075472470371636,0.1985002706478472,0.7242429479295017,0.23403807647126298
127,0.0008980092320568551,2.16956127087081e-06,3.7591663645298797e-05,0.0667470051476284,0.04500961961682522,2.9862539783363297e-05,0.01770081666492506,0.19229130162474642,0.7401266791415928,0.2184101318973206
128,0.0007562927492374462,1.785976285631808e-06,3.0268650818081223e-05,0.061904149075168065,0.04086354037878586,2.5149877646850898e-05,0.015095861625824067,0.18628392261724536,0.7580019261074616,0.2036181403079436
129,0.0006342751110677066,1.4637967571046906e-06,2.4237853069149024e-05,0.05733677799306357,0.03700601910663143,2.109228397849852e-05,0.012833567450441197,0.18030758373818415,0.7766549056475545,0.18947945113061085
130,0.0005341441338635968,1.2058431857031219e-06,1.9463643933092727e-05,0.053252582883718355,0.033685311779593996,1.7762512765060193e-05,0.010966776907964321,0.1746122372821451,0.797476870258361,0.17733754929023765
131,0.00045048877434316687,9.955165390248005e-07,1.5728577432520523e-05,0.049429153623854465,0.030548753786577877,1.4980624324950893e-05,0.00937412816732452,0.16916094100966564,0.8190716557552129,0.16554153623453696
132,0.00039919637968534354,8.702236819382133e-07,1.3639368022324195e-05,0.046643615633914996,0.028302990365779192,1.3274938991911637e-05,0.008359237047771,0.165141850680492,0.8391696292456061,0.15941717406836867
133,0.0003822978993350088,8.3263499026276e-07,1.3163330589143553e-05,0.0452643510032704,0.027346416178214917,1.2712994277173668e-05,0.007976814316754078,0.16334426087539258,0.8637193314529897,0.15498365198391706
134,0.00037391074870044645,8.166386758014221e-07,1.3062738193535007e-05,0.044282887133673864,0.026740480681303865,1.2434086655121712e-05,0.007760190590102786,0.16194306476916,0.8843786449992519,0.15134805442029228
135,0.00036660866775558004,8.029863524118301e-07,1.2998407993012389e-05,0.04334722702204632,0.026215860258147032,1.2191262110636846e-05,0.0075636092228703825,0.16066260477424427,0.911045821122857,0.14740314051069567
136,0.000357776962480053,7.854051576757643e-07,1.2858334672259244e-05,0.042374422345769484,0.02561058386647235,1.18975711988616e-05,0.007343243139603095,0.15923833459321687,0.9355388338642386,0.14368288339602317
137,0.00034764170800684997,7.642037833565576e-07,1.2636381093727204e-05,0.04134524623044013,0.024992276240515778,1.1560531857709955e-05,0.007101011059958419,0.1577474650413737,0.966923440011238,0.13935613759033283
138,0.0003343268082540559,7.343908333240371e-07,1.2257518792404989e-05,0.04017316269366105,0.024229861407426233,1.1117756093959086e-05,0.0067991238398977,0.15617475332761074,1.0079330010753051,0.13499788473073907
139,0.00032107900131997976,7.050663508692028e-07,1.1859645401586917e-05,0.03904717149443499,0.023476116509788692,1.0677211445319978e-05,0.0065097097153181335,0.1544010324928057,1.0420748862640532,0.13062878691218108
140,0.000301292864302423,6.463461443399508e-07,1.125062407677555e-05,0.036787747255621575,0.022762014234638465,1.0019240143073435e-05,0.005915596463130812,0.15736321230689607,1.8832872399133154,0.12216181895898523
141,0.00028646711991791603,6.062023178601386e-07,1.0795270235366776e-05,0.03518534114654642,0.02213555660328032,9.526222515085078e-06,0.005517563863858993,0.15850250600116073,3.9313484333964954,0.11593509393836589
142,0.0002744428170655379,5.810098907977652e-07,1.0374934784140654e-05,0.03430397473418969,0.02140522922438776,9.126364462986995e-06,0.005296518846480174,0.1559242799225512,3.848882942635339,0.11280266181325126
143,0.0002611558436383229,5.528682501145744e-07,9.883012812330261e-06,0.03337510380033768,0.020611301205784017,8.684517365644927e-06,0.005056785889318293,0.15323422554678154,3.7608985455702406,0.10946680381004543
144,0.0002480380394915955,5.250148434395914e-07,9.394297229826818e-06,0.032439802888617836,0.01981103923651281,8.248295850076797e-06,0.004819484580714787,0.15051655314998674,3.670827441141984,0.10635193726056008
145,0.0002360712439843358,4.997064001273533e-07,8.95422633890616e-06,0.03155694620214702,0.019070638901405867,7.850350156248682e-06,0.004601166820303732,0.1479143601033203,3.5861285255261235,0.10319672643335898
146,0.00022395516520122243,4.739833632627684e-07,8.499042698413127e-06,0.030659670227692584,0.01831857366754389,7.447440172962252e-06,0.004380970016919242,0.14525743096468663,3.499329569385788,0.10006388529793914
147,0.0002121223588792913,4.488307531091833e-07,8.050831594434453e-06,0.029768973373382454,0.017577196208021614,7.053950176508486e-06,0.004165687960312509,0.14260050385955508,3.412683533683659,0.09693062096461776
148,0.0002002504319341475,4.2352403502225955e-07,7.592688709074992e-06,0.028870364104045247,0.016833030625101303,6.659159256717481e-06,0.003950400972030528,0.1399012158122117,3.3249504729642725,0.09372503385661954
149,0.00018751016872353975,3.961918160881843e-07,7.082147385331001e-06,0.027921369566283816,0.01604596951409338,6.235492546626013e-06,0.0037220480337085155,0.13703858080540532,3.2320572446293974,0.0902876461548291
150,0.0001745840408293212,3.6836287781494576e-07,6.560369909317106e-06,0.026937505516925926,0.015227757374589354,5.805645063207819e-06,0.0034897960587663168,0.1340637375038638,3.1336976181459013,0.08699371297578132
151,0.00016294117180078882,3.4337963717732836e-07,6.097034423702346e-06,0.02602307053884045,0.014473481657443799,5.418471271285128e-06,0.003278593957492932,0.13127087796915307,3.0420336144446956,0.083821788351612
152,0.0001517748413826498,3.194211627644427e-07,5.652426367306003e-06,0.02512012819860994,0.013738092593632836,5.047144369019224e-06,0.0030750592182396804,0.12848426237641924,2.950958352728299,0.08067383874570272
153,0.00014117698498434747,2.9669736062049114e-07,5.231420239670305e-06,0.024234430437808294,0.01302669728376599,4.6947215909284115e-06,0.002880703113072053,0.12571876458275844,2.8610289966676983,0.07759827677283276
154,0.00013080343933347428,2.744410136986097e-07,4.816258860049576e-06,0.023349472421765133,0.012325462895532652,4.349758077597713e-06,0.0026901875857859013,0.12292446029709705,2.7710377027628565,0.07442432689186566
155,0.00012199809148605568,2.557001093765046e-07,4.46182627367072e-06,0.022552718098761776,0.011741287852699185,4.056943659868828e-06,0.0025278415517244095,0.12023886753625329,2.6926991684927235,0.07189240344632107
156,0.0001139179280669973,2.385274509042136e-07,4.152897884291665e-06,0.021784011328993262,0.011155787287773094,3.788244638807506e-06,0.00237484995812574,0.11773981897784017,2.6136100009905876,0.06905900757682197
157,0.0001054913687845094,2.2052700352080748e-07,3.824062395710074e-06,0.02097603310345759,0.0105413954119832,3.5080265153993573e-06,0.0022159246393203373,0.11510058065753723,2.5294475643551393,0.06622206993727144
158,9.711394297384806e-05,2.026061113529647e-07,3.493688235295822e-06,0.02015839380478732,0.009927487376116735,3.229442284165964e-06,0.0020579379448077795,0.11239890572194279,2.4440877042255105,0.06329763866609082
159,8.982149325193667e-05,1.8706807876850117e-07,3.204481573123661e-06,0.01942344370992884,0.009398917470604756,2.986938017879125e-06,0.0019200279401771758,0.10989209561260044,2.3691901999709293,0.060940009963327546
160,8.319555124716308e-05,1.730139184559271e-07,2.953301498410064e-06,0.0187005193808866,0.008878479663294804,2.766597903706131e-06,0.0017913706978237706,0.10743022194173057,2.2926383945780135,0.058326800610843645
161,7.680115709015924e-05,1.5946318181007017e-07,2.701478571581566e-06,0.018002819176868908,0.008402048994424368,2.553957717962536e-06,0.001668914421352083,0.10492554361343127,2.221693093716567,0.05587150086537281
162,7.094647363693091e-05,1.4705919166523744e-07,2.47589986896032e-06,0.017334017454039525,0.00794307331755444,2.359265156572521e-06,0.0015549364109310026,0.10255970112870787,2.152105795333812,0.05365966415669269
163,6.535218953070745e-05,1.3522720470260194e-07,2.267299086092714e-06,0.016651642836224896,0.007471883327454893,2.173231955890505e-06,0.0014437441827247028,0.10015492126587924,2.07822694953721,0.05117775850410981
164,6.0416591774364726e-05,1.248202007672914e-07,2.0814946586004636e-06,0.016031197099216542,0.0070612128491998605,2.009102814349418e-06,0.001345516410077464,0.09789999665697524,2.012507693733111,0.049174089615408346
165,5.5756621255285164e-05,1.1502173229447328e-07,1.911617861241617e-06,0.015407538628549615,0.006647591685606604,1.85413942416625e-06,0.0012509048624701595,0.09563655250576293,1.944275413623572,0.046845700330683235
166,5.1400643607661356e-05,1.058567386535706e-07,1.7493752044600678e-06,0.014815741686906215,0.006268292793792705,1.7092850605873112e-06,0.001162872095476341,0.09343063051286646,1.8806741801492788,0.04492988103035263
167,4.7270272340959585e-05,9.718786152782971e-08,1.6001425754608356e-06,0.01421850191987724,0.005884877558299499,1.571933046967775e-06,0.0010777640372444189,0.09120639408919037,1.8143518178713247,0.042724916077752396
168,4.329794232657839e-05,8.883380375722009e-08,1.4526343501659748e-06,0.013641195037688887,0.005526025750178286,1.4398365619289706e-06,0.0009965805255541518,0.08899994632450596,1.7515446014239555,0.04081491778824816
169,3.9718822962258176e-05,8.132654439154659e-08,1.3260668624152007e-06,0.013076448655527102,0.005170180789808697,1.3208159654907693e-06,0.0009211978016164536,0.08689250758666893,1.6869347925640508,0.03890392701089793
170,3.629237413779482e-05,7.415633706488124e-08,1.2037345068479677e-06,0.012516325860671973,0.004830276133888476,1.206872299119066e-06,0.0008490269374992688,0.08471372057334405,1.623329239736081,0.036898404258379744
171,3.3032827975787214e-05,6.73280902391171e-08,1.0844943524746696e-06,0.01197911191366724,0.00451559184859215,1.0984788400499299e-06,0.0007808553341025608,0.08256589890831373,1.5637170775325282,0.035109562123506646
172,3.0278482092547022e-05,6.159903509177966e-08,9.86600513390667e-07,0.01148797399082712,0.004236239064731589,1.0068853902509687e-06,0.0007220113043239735,0.08056422231066147,1.508610524456529,0.033512802618986176
173,2.760974156085204e-05,5.605342571238502e-08,8.939744928074795e-07,0.01098399444176704,0.00394909272954224,9.181386742326084e-07,0.0006640498460084552,0.07851071201811881,1.450168980449002,0.03169677545941581
174,2.502090909760128e-05,5.0660025914308754e-08,8.017157230398337e-07,0.010492338117749021,0.003677768050625918,8.320492336494476e-07,0.0006082964369371539,0.07645427148495902,1.394232362694241,0.03008890378831761
175,2.2792663115788935e-05,4.6046611714911094e-08,7.240837208388754e-07,0.010037943679457841,0.0034344574508089762,7.579507924490371e-07,0.0005594307336801755,0.0745163837796137,1.3421535824703867,0.028599019393632408
176,2.070862236205051e-05,4.1734636774814103e-08,6.540551792505457e-07,0.009582422966477,0.003187440116735545,6.886477745099921e-07,0.0005126190630254883,0.07261501562678187,1.2874805247486636,0.02707615721951553
177,1.8781186079103425e-05,3.7753420059612176e-08,5.895559981506594e-07,0.009140466955961542,0.0029539804069651236,6.245525061934621e-07,0.0004689894868169944,0.07073452861941391,1.2340799959984323,0.025623107397573407
178,1.697186903886483e-05,3.4020625091520944e-08,5.289461728812871e-07,0.008708831458206777,0.0027320501574705468,5.643851936914663e-07,0.0004278378090268359,0.0688617020424745,1.1818439945281565,0.024179055966365784
179,1.537279654516935e-05,3.0737344860519e-08,4.746754568281015e-07,0.00831089359652233,0.002539602474067746,5.112093863001677e-07,0.00039148867407297843,0.06703547943826671,1.1349519271517492,0.022915238603864622
180,1.3906202906238678e-05,2.773585056318215e-08,4.2654213440608334e-07,0.00791972360567064,0.0023495310557437,4.624390515138746e-07,0.0003574128434517799,0.06523916498015911,1.0870170669389942,0.02163976482508972
181,1.2524807497854348e-05,2.491318100191769e-08,3.8109146542425816e-07,0.007537040948745035,0.0021685463007039517,4.165019120426618e-07,0.0003252118941202463,0.06342488198881349,1.0400468127865263,0.020392913780576654
182,1.1459634788965756e-05,2.277101754870717e-08,3.439809471909015e-07,0.007231065152828765,0.0020488510791005403,3.8108049179458515e-07,0.000300935322012326,0.061731520426466006,1.0074243951282056,0.019419873577267176
183,1.045498158038644e-05,2.0747362984284624e-08,3.1173678430067445e-07,0.006915171986776976,0.0019118547492435677,3.476715964974108e-07,0.00027688187504779543,0.06012596639338758,0.9693605830030754,0.018411116517630905
184,9.49962470969055e-06,1.882085801054712e-08,2.820584189361528e-07,0.006595075234624227,0.001770680972380424,3.1590200934837893e-07,0.0002534971631916105,0.05853706138002861,0.9288987743398839,0.01737918348039774
185,8.590663020413624e-06,1.6985732254421226e-08,2.5370952555794604e-07,0.00627934096156852,0.001634797721952118,2.856752548356072e-07,0.00023118050784690105,0.056942776789655765,0.8888072792169991,0.016370418613074353
186,7.780705040997564e-06,1.5356731671520008e-08,2.2797980761976e-07,0.005987996003971816,0.0015172109046942828,2.5874078521132015e-07,0.00021136510860639103,0.0553890808305322,0.8529835127655014,0.015454433935729312
187,7.054489219440005e-06,1.390104955849331e-08,2.0520802670348731e-07,0.005710461683285841,0.001408173167943882,2.345910904326841e-07,0.00019336014467765877,0.05388357121196877,0.8185461949383448,0.014592945698560532
188,6.332243497298464e-06,1.2447191715194342e-08,1.8302243034086682e-07,0.005423382343887342,0.0012926197117909821,2.105734179624191e-07,0.00017519492993036315,0.052366174998358425,0.781376915171669,0.013676330602805353
189,5.681009076052911e-06,1.1138280261383821e-08,1.627559669466697e-07,0.0051533971540158215,0.0011897239892885063,1.8891716642456223e-07,0.00015882705766561466,0.05087287327834602,0.7470266434689758,0.01288803160018043
190,5.077415325651103e-06,9.927784626694312e-09,1.4445059576051172e-07,0.004885640562325138,0.0010883327642112425,1.6884516522355202e-07,0.00014335443026745442,0.04940146180874982,0.7119235722811839,0.012046022188643406
191,4.536764747628825e-06,8.844870107752602e-09,1.2737390330582917e-07,0.004650567768320421,0.001004598510226226,1.5086628614442642e-07,0.00012976955052252073,0.04801896665775304,0.6831211311254729,0.011341980128151562
192,4.091265659015684e-06,7.960531109044243e-09,1.1335555055472423e-07,0.004450111660620337,0.0009360975076123108,1.360515896109728e-07,0.00011849390655986313,0.0467945287862305,0.6594590709093807,0.010739218120709977
193,3.7095364962789716e-06,7.209653764595535e-09,1.0164154855689925e-07,0.004262801066668157,0.0008743047819493499,1.2335750818979944e-07,0.00010860743312874176,0.045632439591369194,0.6371345156629076,0.01016044360057798
194,3.3180485534570455e-06,6.43503624854144e-09,9.013214439912085e-08,0.004052939546739167,0.0008024805645722968,1.1033890676579244e-07,9.815982028657534e-05,0.044391249776293544,0.6097776536034998,0.009510537454829004
195,2.965807950986988e-06,5.7389722486491284e-09,7.95884948859284e-08,0.0038582858162209176,0.000740132240790523,9.862544255063612e-08,8.881049264869781e-05,0.043172752302162797,0.5854023221695042,0.008944795021889157
196,2.660946773663106e-06,5.141519591659938e-09,7.069596353857418e-08,0.0036724447755321606,0.0006827469038088016,8.84875411669441e-08,8.051775702713843e-05,0.041994145121744736,0.5616326762137537,0.008397179152812984
197,2.380119670750929e-06,4.59225581161758e-09,6.263654981637734e-08,0.0034886971358546073,0.0006273568040238715,7.914887266155102e-08,7.275693368800475e-05,0.04081768807142477,0.5376656509116082,0.007851814786947468
198,2.1235901450064053e-06,4.090894131784933e-09,5.535589982967497e-08,0.0033098966382557574,0.0005748848364892302,7.061819959641249e-08,6.558057707029367e-05,0.03965622207335175,0.5140127561690184,0.007345017853029988
199,1.8954090113030013e-06,3.6473596751294827e-09,4.9002809477147543e-08,0.0031364143781068997,0.0005257117865413048,6.30302284043753e-08,5.907168023029645e-05,0.03851419882397979,0.4905865362173273,0.006849619567073629
200,1.7004030498831096e-06,3.271166750741606e-09,4.364598406344892e-08,0.0029750147369069007,0.0004820275420210855,5.6545469592312394e-08,5.3413625718581276e-05,0.037427253776806765,0.46856244273955694,0.0064123299332435576
201,1.5013276863909197e-06,2.884486128860884e-09,3.830599572964408e-08,0.002802653703574058,0.00043423240318687045,4.9925386245778775e-08,4.755228161206794e-05,0.03629606017589511,0.4439268686912532,0.005893981152404532
202,1.2976058454338024e-06,2.4810827247035367e-09,3.2755593551425356e-08,0.0026259590309607207,0.0003863026227101651,4.315078820920005e-08,4.1638977508538506e-05,0.035099019116264875,0.4187792812796562,0.005450832377514211
203,1.1281523009866007e-06,2.149831375633736e-09,2.8229819834206507e-08,0.0024594207701195245,0.00034434483549180243,3.751575347698908e-08,3.659718960852339e-05,0.03393281838473172,0.39477007561203814,0.005014462168043005
